"git_url","branch_name","version_2","version2_2","version3_2"
"https://github.com/apache/hbase/blob/0.1.1/src/java/org/apache/hadoop/hbase/HStore.java","HBase/0.1.1",0,1,1
"https://github.com/apache/hbase/blob/0.1.3/src/java/org/apache/hadoop/hbase/HLog.java","HBase/0.1.3",0,1,3
"https://github.com/apache/hbase/blob/release-0.2.0/src/test/org/apache/hadoop/hbase/HBaseTestCase.java","HBase/release-0.2.0",0,2,0
"https://github.com/apache/hbase/blob/0.18.1/src/java/org/apache/hadoop/hbase/regionserver/HRegionServer.java","HBase/0.18.1",0,18,1
"https://github.com/apache/hbase/blob/0.19.0/src/java/org/apache/hadoop/hbase/io/BlockFSInputStream.java","HBase/0.19.0",0,19,0
"https://github.com/apache/hbase/blob/0.19.0/src/java/org/apache/hadoop/hbase/mapred/TableInputFormatBase.java","HBase/0.19.0",0,19,0
"https://github.com/apache/hbase/blob/0.19.0/src/java/org/apache/hadoop/hbase/regionserver/LogRoller.java","HBase/0.19.0",0,19,0
"https://github.com/apache/hbase/blob/0.19.1/src/java/org/apache/hadoop/hbase/regionserver/HRegionServer.java","HBase/0.19.1",0,19,1
"https://github.com/apache/hbase/blob/0.19.1/src/java/org/apache/hadoop/hbase/regionserver/transactional/TransactionState.java","HBase/0.19.1",0,19,1
"https://github.com/apache/hbase/blob/0.20.0/src/java/org/apache/hadoop/hbase/regionserver/HRegionServer.java","HBase/0.20.0",0,20,0
"https://github.com/apache/hbase/blob/0.20.1/src/contrib/transactional/src/java/org/apache/hadoop/hbase/regionserver/transactional/THLogRecoveryManager.java","HBase/0.20.1",0,20,1
"https://github.com/apache/hbase/blob/0.20.2/src/java/org/apache/hadoop/hbase/mapreduce/TableInputFormatBase.java","HBase/0.20.2",0,20,2
"https://github.com/apache/hbase/blob/0.20.2/src/java/org/apache/hadoop/hbase/master/HMaster.java","HBase/0.20.2",0,20,2
"https://github.com/apache/hbase/blob/0.20.5/src/java/org/apache/hadoop/hbase/regionserver/HRegion.java","HBase/0.20.5",0,20,5
"https://github.com/apache/hbase/blob/0.20.5/src/java/org/apache/hadoop/hbase/regionserver/Store.java","HBase/0.20.5",0,20,5
"https://github.com/apache/hbase/blob/0.90.2/src/main/java/org/apache/hadoop/hbase/regionserver/MemStoreFlusher.java","HBase/0.90.2",0,90,2
"https://github.com/apache/hbase/blob/0.90.3/src/main/java/org/apache/hadoop/hbase/util/HBaseFsck.java","HBase/0.90.3",0,90,3
"https://github.com/apache/hbase/blob/0.90.4/src/main/java/org/apache/hadoop/hbase/regionserver/wal/HLog.java","HBase/0.90.4",0,90,4
"https://github.com/apache/hbase/blob/0.90.5/src/main/java/org/apache/hadoop/hbase/master/AssignmentManager.java","HBase/0.90.5",0,90,5
"https://github.com/apache/hbase/blob/0.90.6/src/main/java/org/apache/hadoop/hbase/master/MasterFileSystem.java","HBase/0.90.6",0,90,6
"https://github.com/apache/hbase/blob/0.92.0/src/main/java/org/apache/hadoop/hbase/catalog/CatalogTracker.java","HBase/0.92.0",0,92,0
"https://github.com/apache/hbase/blob/0.92.0/src/main/java/org/apache/hadoop/hbase/client/HConnectionManager.java","HBase/0.92.0",0,92,0
"https://github.com/apache/hbase/blob/0.92.0/src/main/java/org/apache/hadoop/hbase/regionserver/MemStoreFlusher.java","HBase/0.92.0",0,92,0
"https://github.com/apache/hbase/blob/0.92.0/src/main/java/org/apache/hadoop/hbase/regionserver/Store.java","HBase/0.92.0",0,92,0
"https://github.com/apache/hbase/blob/0.92.0/src/main/java/org/apache/hadoop/hbase/regionserver/wal/HLogSplitter.java","HBase/0.92.0",0,92,0
"https://github.com/apache/hbase/blob/0.92.0/src/test/java/org/apache/hadoop/hbase/TestRegionRebalancing.java","HBase/0.92.0",0,92,0
"https://github.com/apache/hbase/blob/0.92.2/security/src/main/java/org/apache/hadoop/hbase/ipc/SecureServer.java","HBase/0.92.2",0,92,2
"https://github.com/apache/hbase/blob/0.94.0/security/src/main/java/org/apache/hadoop/hbase/ipc/SecureServer.java","HBase/0.94.0",0,94,0
"https://github.com/apache/hbase/blob/0.94.0/src/main/java/org/apache/hadoop/hbase/mapreduce/TableRecordReaderImpl.java","HBase/0.94.0",0,94,0
"https://github.com/apache/hbase/blob/0.94.0/src/main/java/org/apache/hadoop/hbase/regionserver/Store.java","HBase/0.94.0",0,94,0
"https://github.com/apache/hbase/blob/0.94.0/src/main/java/org/apache/hadoop/hbase/util/BloomFilterFactory.java","HBase/0.94.0",0,94,0
"https://github.com/apache/hbase/blob/0.94.0/src/main/java/org/apache/hadoop/hbase/zookeeper/MiniZooKeeperCluster.java","HBase/0.94.0",0,94,0
"https://github.com/apache/hbase/blob/0.94.1/security/src/main/java/org/apache/hadoop/hbase/ipc/SecureServer.java","HBase/0.94.1",0,94,1
"https://github.com/apache/hbase/blob/0.94.2/security/src/main/java/org/apache/hadoop/hbase/security/access/AccessController.java","HBase/0.94.2",0,94,2
"https://github.com/apache/hbase/blob/0.94.2/src/main/java/org/apache/hadoop/hbase/util/HBaseFsck.java","HBase/0.94.2",0,94,2
"https://github.com/apache/hbase/blob/0.94.2/src/main/java/org/apache/hadoop/hbase/zookeeper/RegionServerTracker.java","HBase/0.94.2",0,94,2
"https://github.com/apache/hbase/blob/0.94.3/security/src/main/java/org/apache/hadoop/hbase/ipc/SecureServer.java","HBase/0.94.3",0,94,3
"https://github.com/apache/hbase/blob/0.94.3/src/main/java/org/apache/hadoop/hbase/replication/ReplicationPeer.java","HBase/0.94.3",0,94,3
"https://github.com/apache/hbase/blob/0.94.4/security/src/main/java/org/apache/hadoop/hbase/security/access/AccessController.java","HBase/0.94.4",0,94,4
"https://github.com/apache/hbase/blob/0.94.4/src/main/java/org/apache/hadoop/hbase/master/cleaner/CleanerChore.java","HBase/0.94.4",0,94,4
"https://github.com/apache/hbase/blob/0.94.4/src/main/java/org/apache/hadoop/hbase/master/cleaner/TimeToLiveHFileCleaner.java","HBase/0.94.4",0,94,4
"https://github.com/apache/hbase/blob/0.94.4/src/main/java/org/apache/hadoop/hbase/regionserver/Store.java","HBase/0.94.4",0,94,4
"https://github.com/apache/hbase/blob/0.94.4/src/main/java/org/apache/hadoop/hbase/util/ChecksumType.java","HBase/0.94.4",0,94,4
"https://github.com/apache/hbase/blob/0.94.6/src/main/java/org/apache/hadoop/hbase/util/FSUtils.java","HBase/0.94.6",0,94,6
"https://github.com/apache/hbase/blob/0.94.7/src/main/java/org/apache/hadoop/hbase/master/SplitLogManager.java","HBase/0.94.7",0,94,7
"https://github.com/apache/hbase/blob/0.94.8/src/main/java/org/apache/hadoop/hbase/master/snapshot/SnapshotManager.java","HBase/0.94.8",0,94,8
"https://github.com/apache/hbase/blob/0.94.11/src/test/java/org/apache/hadoop/hbase/ClassFinder.java","HBase/0.94.11",0,94,11
"https://github.com/apache/hbase/blob/0.94.13/src/main/java/org/apache/hadoop/hbase/master/HMaster.java","HBase/0.94.13",0,94,13
"https://github.com/apache/hbase/blob/0.94.13/src/main/java/org/apache/hadoop/hbase/master/SplitLogManager.java","HBase/0.94.13",0,94,13
"https://github.com/apache/hbase/blob/0.94.13/src/main/java/org/apache/hadoop/hbase/regionserver/HRegion.java","HBase/0.94.13",0,94,13
"https://github.com/apache/hbase/blob/0.94.18/src/main/java/org/apache/hadoop/hbase/snapshot/ExportSnapshot.java","HBase/0.94.18",0,94,18
"https://github.com/apache/hbase/blob/0.95.2/hbase-client/src/main/java/org/apache/hadoop/hbase/client/ClientScanner.java","HBase/0.95.2",0,95,2
"https://github.com/apache/hbase/blob/0.95.2/hbase-common/src/test/java/org/apache/hadoop/hbase/ClassFinder.java","HBase/0.95.2",0,95,2
"https://github.com/apache/hbase/blob/0.95.2/hbase-server/src/main/java/org/apache/hadoop/hbase/backup/HFileArchiver.java","HBase/0.95.2",0,95,2
"https://github.com/apache/hbase/blob/0.95.2/hbase-server/src/main/java/org/apache/hadoop/hbase/master/AssignmentManager.java","HBase/0.95.2",0,95,2
"https://github.com/apache/hbase/blob/0.95.2/hbase-server/src/main/java/org/apache/hadoop/hbase/master/CatalogJanitor.java","HBase/0.95.2",0,95,2
"https://github.com/apache/hbase/blob/0.95.2/hbase-server/src/main/java/org/apache/hadoop/hbase/master/SplitLogManager.java","HBase/0.95.2",0,95,2
"https://github.com/apache/hbase/blob/0.95.2/hbase-server/src/main/java/org/apache/hadoop/hbase/master/handler/DispatchMergingRegionHandler.java","HBase/0.95.2",0,95,2
"https://github.com/apache/hbase/blob/0.95.2/hbase-server/src/main/java/org/apache/hadoop/hbase/util/FSTableDescriptors.java","HBase/0.95.2",0,95,2
"https://github.com/apache/hbase/blob/0.95.2/hbase-server/src/main/java/org/apache/hadoop/hbase/util/FSUtils.java","HBase/0.95.2",0,95,2
"https://github.com/apache/hbase/blob/hbase-0.96.0/hbase-client/src/main/java/org/apache/hadoop/hbase/catalog/CatalogTracker.java","HBase/hbase-0.96.0",0,96,0
"https://github.com/apache/hbase/blob/hbase-0.96.0/hbase-client/src/main/java/org/apache/hadoop/hbase/client/ClientScanner.java","HBase/hbase-0.96.0",0,96,0
"https://github.com/apache/hbase/blob/hbase-0.96.0/hbase-client/src/main/java/org/apache/hadoop/hbase/client/RpcRetryingCaller.java","HBase/hbase-0.96.0",0,96,0
"https://github.com/apache/hbase/blob/hbase-0.96.0/hbase-client/src/main/java/org/apache/hadoop/hbase/zookeeper/ZKAssign.java","HBase/hbase-0.96.0",0,96,0
"https://github.com/apache/hbase/blob/hbase-0.96.0/hbase-client/src/main/java/org/apache/hadoop/hbase/zookeeper/ZKUtil.java","HBase/hbase-0.96.0",0,96,0
"https://github.com/apache/hbase/blob/hbase-0.96.0/hbase-it/src/test/java/org/apache/hadoop/hbase/DistributedHBaseCluster.java","HBase/hbase-0.96.0",0,96,0
"https://github.com/apache/hbase/blob/hbase-0.96.0/hbase-server/src/main/java/org/apache/hadoop/hbase/fs/HFileSystem.java","HBase/hbase-0.96.0",0,96,0
"https://github.com/apache/hbase/blob/hbase-0.96.0/hbase-server/src/main/java/org/apache/hadoop/hbase/master/AssignmentManager.java","HBase/hbase-0.96.0",0,96,0
"https://github.com/apache/hbase/blob/hbase-0.96.0/hbase-server/src/main/java/org/apache/hadoop/hbase/master/HMaster.java","HBase/hbase-0.96.0",0,96,0
"https://github.com/apache/hbase/blob/hbase-0.96.0/hbase-server/src/main/java/org/apache/hadoop/hbase/master/RegionStates.java","HBase/hbase-0.96.0",0,96,0
"https://github.com/apache/hbase/blob/hbase-0.96.0/hbase-server/src/main/java/org/apache/hadoop/hbase/regionserver/wal/ProtobufLogReader.java","HBase/hbase-0.96.0",0,96,0
"https://github.com/apache/hbase/blob/hbase-0.96.0/hbase-server/src/main/java/org/apache/hadoop/hbase/replication/regionserver/ReplicationSource.java","HBase/hbase-0.96.0",0,96,0
"https://github.com/apache/hbase/blob/hbase-0.96.0/hbase-server/src/main/java/org/apache/hadoop/hbase/util/HFileV1Detector.java","HBase/hbase-0.96.0",0,96,0
"https://github.com/apache/hbase/blob/0.96.1/hbase-server/src/main/java/org/apache/hadoop/hbase/regionserver/RegionMergeTransaction.java","HBase/0.96.1",0,96,1
"https://github.com/apache/hbase/blob/0.96.1/hbase-server/src/main/java/org/apache/hadoop/hbase/regionserver/SplitTransaction.java","HBase/0.96.1",0,96,1
"https://github.com/apache/hbase/blob/0.96.2/hbase-server/src/main/java/org/apache/hadoop/hbase/mapreduce/Import.java","HBase/0.96.2",0,96,2
"https://github.com/apache/hbase/blob/0.96.2/hbase-server/src/main/java/org/apache/hadoop/hbase/snapshot/ExportSnapshot.java","HBase/0.96.2",0,96,2
"https://github.com/apache/hbase/blob/0.96.2/hbase-server/src/main/java/org/apache/hadoop/hbase/tool/Canary.java","HBase/0.96.2",0,96,2
"https://github.com/apache/hbase/blob/0.98.0/hbase-common/src/test/java/org/apache/hadoop/hbase/ClassFinder.java","HBase/0.98.0",0,98,0
"https://github.com/apache/hbase/blob/0.98.0/hbase-server/src/main/java/org/apache/hadoop/hbase/regionserver/RegionCoprocessorHost.java","HBase/0.98.0",0,98,0
"https://github.com/apache/hbase/blob/0.98.0/hbase-server/src/main/java/org/apache/hadoop/hbase/snapshot/ExportSnapshot.java","HBase/0.98.0",0,98,0
"https://github.com/apache/hbase/blob/0.98.1/hbase-common/src/test/java/org/apache/hadoop/hbase/ClassFinder.java","HBase/0.98.1",0,98,1
"https://github.com/apache/hbase/blob/0.98.1/hbase-server/src/main/java/org/apache/hadoop/hbase/regionserver/RegionMergeRequest.java","HBase/0.98.1",0,98,1
"https://github.com/apache/hbase/blob/0.98.1/hbase-server/src/main/java/org/apache/hadoop/hbase/regionserver/SplitRequest.java","HBase/0.98.1",0,98,1
"https://github.com/apache/hbase/blob/0.98.1/hbase-server/src/main/java/org/apache/hadoop/hbase/snapshot/ExportSnapshot.java","HBase/0.98.1",0,98,1
"https://github.com/apache/hbase/blob/0.98.2/hbase-server/src/main/java/org/apache/hadoop/hbase/mapreduce/TableInputFormatBase.java","HBase/0.98.2",0,98,2
"https://github.com/apache/hbase/blob/0.98.4/hbase-server/src/main/java/org/apache/hadoop/hbase/master/ServerManager.java","HBase/0.98.4",0,98,4
"https://github.com/apache/hbase/blob/0.98.4/hbase-server/src/main/java/org/apache/hadoop/hbase/regionserver/wal/HLogSplitter.java","HBase/0.98.4",0,98,4
"https://github.com/apache/hbase/blob/0.98.6/hbase-server/src/main/java/org/apache/hadoop/hbase/regionserver/HRegion.java","HBase/0.98.6",0,98,6
"https://github.com/apache/hbase/blob/0.98.6/hbase-server/src/main/java/org/apache/hadoop/hbase/snapshot/RestoreSnapshotHelper.java","HBase/0.98.6",0,98,6
"https://github.com/apache/hbase/blob/0.98.7/hbase-server/src/main/java/org/apache/hadoop/hbase/mapreduce/PutCombiner.java","HBase/0.98.7",0,98,7
"https://github.com/apache/hbase/blob/0.98.8/hbase-client/src/main/java/org/apache/hadoop/hbase/client/RpcRetryingCaller.java","HBase/0.98.8",0,98,8
"https://github.com/apache/hbase/blob/0.98.8/hbase-common/src/main/java/org/apache/hadoop/hbase/codec/BaseDecoder.java","HBase/0.98.8",0,98,8
"https://github.com/apache/hbase/blob/0.98.8/hbase-server/src/main/java/org/apache/hadoop/hbase/util/FSUtils.java","HBase/0.98.8",0,98,8
"https://github.com/apache/hbase/blob/0.98.8/hbase-server/src/main/java/org/apache/hadoop/hbase/util/FSVisitor.java","HBase/0.98.8",0,98,8
"https://github.com/apache/hbase/blob/0.98.9/hbase-server/src/main/java/org/apache/hadoop/hbase/master/cleaner/HFileLinkCleaner.java","HBase/0.98.9",0,98,9
"https://github.com/apache/hbase/blob/0.98.10/hbase-server/src/main/java/org/apache/hadoop/hbase/ipc/RpcExecutor.java","HBase/0.98.10",0,98,10
"https://github.com/apache/hbase/blob/0.98.12/hbase-common/src/main/java/org/apache/hadoop/hbase/AuthUtil.java","HBase/0.98.12",0,98,12
"https://github.com/apache/hbase/blob/0.98.14/hbase-server/src/main/java/org/apache/hadoop/hbase/regionserver/wal/FSHLog.java","HBase/0.98.14",0,98,14
"https://github.com/apache/hbase/blob/0.98.16/hbase-server/src/main/java/org/apache/hadoop/hbase/master/balancer/RegionLocationFinder.java","HBase/0.98.16",0,98,16
"https://github.com/apache/hbase/blob/rel/0.98.17/hbase-server/src/main/java/org/apache/hadoop/hbase/ipc/CallRunner.java","HBase/rel/0.98.17",0,98,17
"https://github.com/apache/hbase/blob/rel/0.98.19/hbase-server/src/main/java/org/apache/hadoop/hbase/snapshot/SnapshotManifestV1.java","HBase/rel/0.98.19",0,98,19
"https://github.com/apache/hbase/blob/rel/0.98.20/hbase-rest/src/main/java/org/apache/hadoop/hbase/rest/ProtobufStreamingUtil.java","HBase/rel/0.98.20",0,98,20
"https://github.com/apache/hbase/blob/rel/0.98.20/hbase-rest/src/main/java/org/apache/hadoop/hbase/rest/RegionsResource.java","HBase/rel/0.98.20",0,98,20
"https://github.com/apache/hbase/blob/rel/0.98.20/hbase-rest/src/main/java/org/apache/hadoop/hbase/rest/RootResource.java","HBase/rel/0.98.20",0,98,20
"https://github.com/apache/hbase/blob/rel/0.98.20/hbase-rest/src/main/java/org/apache/hadoop/hbase/rest/RowResource.java","HBase/rel/0.98.20",0,98,20
"https://github.com/apache/hbase/blob/rel/0.98.20/hbase-rest/src/main/java/org/apache/hadoop/hbase/rest/ScannerInstanceResource.java","HBase/rel/0.98.20",0,98,20
"https://github.com/apache/hbase/blob/rel/0.98.20/hbase-rest/src/main/java/org/apache/hadoop/hbase/rest/ScannerResource.java","HBase/rel/0.98.20",0,98,20
"https://github.com/apache/hbase/blob/rel/0.98.20/hbase-rest/src/main/java/org/apache/hadoop/hbase/rest/SchemaResource.java","HBase/rel/0.98.20",0,98,20
"https://github.com/apache/hbase/blob/rel/0.98.20/hbase-rest/src/main/java/org/apache/hadoop/hbase/rest/StorageClusterStatusResource.java","HBase/rel/0.98.20",0,98,20
"https://github.com/apache/hbase/blob/rel/0.98.20/hbase-rest/src/main/java/org/apache/hadoop/hbase/rest/StorageClusterVersionResource.java","HBase/rel/0.98.20",0,98,20
"https://github.com/apache/hbase/blob/rel/0.98.20/hbase-rest/src/main/java/org/apache/hadoop/hbase/rest/TableResource.java","HBase/rel/0.98.20",0,98,20
"https://github.com/apache/hbase/blob/rel/0.98.20/hbase-rest/src/main/java/org/apache/hadoop/hbase/rest/VersionResource.java","HBase/rel/0.98.20",0,98,20
"https://github.com/apache/hbase/blob/rel/0.98.20/hbase-rest/src/main/java/org/apache/hadoop/hbase/rest/client/Client.java","HBase/rel/0.98.20",0,98,20
"https://github.com/apache/hbase/blob/rel/0.98.20/hbase-rest/src/main/java/org/apache/hadoop/hbase/rest/filter/AuthFilter.java","HBase/rel/0.98.20",0,98,20
"https://github.com/apache/hbase/blob/rel/0.98.20/hbase-rest/src/main/java/org/apache/hadoop/hbase/rest/provider/consumer/ProtobufMessageBodyConsumer.java","HBase/rel/0.98.20",0,98,20
"https://github.com/apache/hbase/blob/rel/0.98.20/hbase-server/src/main/java/org/apache/hadoop/hbase/regionserver/HRegionServer.java","HBase/rel/0.98.20",0,98,20
"https://github.com/apache/hbase/blob/rel/0.98.21/hbase-server/src/main/java/org/apache/hadoop/hbase/regionserver/HRegionFileSystem.java","HBase/rel/0.98.21",0,98,21
"https://github.com/apache/hbase/blob/rel/0.98.21/hbase-server/src/main/java/org/apache/hadoop/hbase/util/FSUtils.java","HBase/rel/0.98.21",0,98,21
"https://github.com/apache/hbase/blob/rel/0.98.22/hbase-server/src/main/java/org/apache/hadoop/hbase/master/CatalogJanitor.java","HBase/rel/0.98.22",0,98,22
"https://github.com/apache/hbase/blob/rel/0.98.23/hbase-server/src/main/java/org/apache/hadoop/hbase/replication/HBaseReplicationEndpoint.java","HBase/rel/0.98.23",0,98,23
"https://github.com/apache/hbase/blob/0.99.0/hbase-client/src/main/java/org/apache/hadoop/hbase/client/RpcRetryingCaller.java","HBase/0.99.0",0,99,0
"https://github.com/apache/hbase/blob/0.99.0/hbase-client/src/main/java/org/apache/hadoop/hbase/ipc/RpcClient.java","HBase/0.99.0",0,99,0
"https://github.com/apache/hbase/blob/0.99.0/hbase-client/src/main/java/org/apache/hadoop/hbase/zookeeper/ZooKeeperNodeTracker.java","HBase/0.99.0",0,99,0
"https://github.com/apache/hbase/blob/0.99.0/hbase-common/src/main/java/org/apache/hadoop/hbase/codec/BaseDecoder.java","HBase/0.99.0",0,99,0
"https://github.com/apache/hbase/blob/0.99.0/hbase-server/src/main/java/org/apache/hadoop/hbase/io/hfile/LruBlockCache.java","HBase/0.99.0",0,99,0
"https://github.com/apache/hbase/blob/0.99.0/hbase-server/src/main/java/org/apache/hadoop/hbase/io/hfile/bucket/BucketCache.java","HBase/0.99.0",0,99,0
"https://github.com/apache/hbase/blob/0.99.0/hbase-server/src/main/java/org/apache/hadoop/hbase/ipc/RpcServer.java","HBase/0.99.0",0,99,0
"https://github.com/apache/hbase/blob/0.99.0/hbase-server/src/main/java/org/apache/hadoop/hbase/mapreduce/PutCombiner.java","HBase/0.99.0",0,99,0
"https://github.com/apache/hbase/blob/0.99.0/hbase-server/src/main/java/org/apache/hadoop/hbase/mapreduce/replication/VerifyReplication.java","HBase/0.99.0",0,99,0
"https://github.com/apache/hbase/blob/0.99.0/hbase-server/src/main/java/org/apache/hadoop/hbase/master/AssignmentManager.java","HBase/0.99.0",0,99,0
"https://github.com/apache/hbase/blob/0.99.0/hbase-server/src/main/java/org/apache/hadoop/hbase/master/balancer/RegionLocationFinder.java","HBase/0.99.0",0,99,0
"https://github.com/apache/hbase/blob/0.99.0/hbase-server/src/main/java/org/apache/hadoop/hbase/master/cleaner/HFileLinkCleaner.java","HBase/0.99.0",0,99,0
"https://github.com/apache/hbase/blob/0.99.0/hbase-server/src/main/java/org/apache/hadoop/hbase/procedure/RegionServerProcedureManagerHost.java","HBase/0.99.0",0,99,0
"https://github.com/apache/hbase/blob/0.99.0/hbase-server/src/main/java/org/apache/hadoop/hbase/regionserver/HRegionFileSystem.java","HBase/0.99.0",0,99,0
"https://github.com/apache/hbase/blob/0.99.0/hbase-server/src/main/java/org/apache/hadoop/hbase/regionserver/HRegionServer.java","HBase/0.99.0",0,99,0
"https://github.com/apache/hbase/blob/0.99.0/hbase-server/src/main/java/org/apache/hadoop/hbase/regionserver/ShutdownHook.java","HBase/0.99.0",0,99,0
"https://github.com/apache/hbase/blob/0.99.0/hbase-server/src/main/java/org/apache/hadoop/hbase/regionserver/wal/FSHLog.java","HBase/0.99.0",0,99,0
"https://github.com/apache/hbase/blob/0.99.0/hbase-server/src/main/java/org/apache/hadoop/hbase/regionserver/wal/HLogSplitter.java","HBase/0.99.0",0,99,0
"https://github.com/apache/hbase/blob/0.99.0/hbase-server/src/main/java/org/apache/hadoop/hbase/replication/HBaseReplicationEndpoint.java","HBase/0.99.0",0,99,0
"https://github.com/apache/hbase/blob/0.99.0/hbase-server/src/main/java/org/apache/hadoop/hbase/snapshot/SnapshotManifestV1.java","HBase/0.99.0",0,99,0
"https://github.com/apache/hbase/blob/0.99.0/hbase-server/src/main/java/org/apache/hadoop/hbase/util/FSUtils.java","HBase/0.99.0",0,99,0
"https://github.com/apache/hbase/blob/0.99.0/hbase-server/src/main/java/org/apache/hadoop/hbase/util/FSVisitor.java","HBase/0.99.0",0,99,0
"https://github.com/apache/hbase/blob/0.99.0/hbase-server/src/test/java/org/apache/hadoop/hbase/master/TestDistributedLogSplitting.java","HBase/0.99.0",0,99,0
"https://github.com/apache/hbase/blob/0.99.0/hbase-thrift/src/main/java/org/apache/hadoop/hbase/thrift/ThriftServerRunner.java","HBase/0.99.0",0,99,0
"https://github.com/apache/hbase/blob/0.99.1/hbase-client/src/main/java/org/apache/hadoop/hbase/ipc/RpcClient.java","HBase/0.99.1",0,99,1
"https://github.com/apache/hbase/blob/0.99.1/hbase-server/src/main/java/org/apache/hadoop/hbase/ipc/RpcServer.java","HBase/0.99.1",0,99,1
"https://github.com/apache/hbase/blob/0.99.1/hbase-server/src/main/java/org/apache/hadoop/hbase/mapreduce/PutCombiner.java","HBase/0.99.1",0,99,1
"https://github.com/apache/hbase/blob/0.99.1/hbase-server/src/main/java/org/apache/hadoop/hbase/regionserver/RSRpcServices.java","HBase/0.99.1",0,99,1
"https://github.com/apache/hbase/blob/0.99.2/hbase-client/src/main/java/org/apache/hadoop/hbase/client/RpcRetryingCaller.java","HBase/0.99.2",0,99,2
"https://github.com/apache/hbase/blob/0.99.2/hbase-common/src/main/java/org/apache/hadoop/hbase/codec/BaseDecoder.java","HBase/0.99.2",0,99,2
"https://github.com/apache/hbase/blob/0.99.2/hbase-server/src/main/java/org/apache/hadoop/hbase/master/cleaner/HFileLinkCleaner.java","HBase/0.99.2",0,99,2
"https://github.com/apache/hbase/blob/0.99.2/hbase-server/src/main/java/org/apache/hadoop/hbase/regionserver/HRegionServer.java","HBase/0.99.2",0,99,2
"https://github.com/apache/hbase/blob/0.99.2/hbase-server/src/main/java/org/apache/hadoop/hbase/util/FSUtils.java","HBase/0.99.2",0,99,2
"https://github.com/apache/hbase/blob/0.99.2/hbase-server/src/main/java/org/apache/hadoop/hbase/util/FSVisitor.java","HBase/0.99.2",0,99,2
"https://github.com/apache/hbase/blob/1.0.0/hbase-server/src/main/java/org/apache/hadoop/hbase/backup/HFileArchiver.java","HBase/1.0.0",1,0,0
"https://github.com/apache/hbase/blob/1.0.0/hbase-server/src/main/java/org/apache/hadoop/hbase/master/cleaner/CleanerChore.java","HBase/1.0.0",1,0,0
"https://github.com/apache/hbase/blob/1.0.1/hbase-common/src/main/java/org/apache/hadoop/hbase/AuthUtil.java","HBase/1.0.1",1,0,1
"https://github.com/apache/hbase/blob/1.0.2/hbase-server/src/main/java/org/apache/hadoop/hbase/regionserver/wal/FSHLog.java","HBase/1.0.2",1,0,2
"https://github.com/apache/hbase/blob/1.0.2/hbase-server/src/main/java/org/apache/hadoop/hbase/wal/WALSplitter.java","HBase/1.0.2",1,0,2
"https://github.com/apache/hbase/blob/1.1.0/hbase-client/src/main/java/org/apache/hadoop/hbase/client/ClientSmallScanner.java","HBase/1.1.0",1,1,0
"https://github.com/apache/hbase/blob/1.1.0/hbase-client/src/main/java/org/apache/hadoop/hbase/ipc/RpcClientImpl.java","HBase/1.1.0",1,1,0
"https://github.com/apache/hbase/blob/1.1.0/hbase-common/src/main/java/org/apache/hadoop/hbase/util/RetryCounter.java","HBase/1.1.0",1,1,0
"https://github.com/apache/hbase/blob/1.1.0/hbase-server/src/main/java/org/apache/hadoop/hbase/master/RegionStates.java","HBase/1.1.0",1,1,0
"https://github.com/apache/hbase/blob/1.1.0/hbase-server/src/main/java/org/apache/hadoop/hbase/regionserver/wal/FSHLog.java","HBase/1.1.0",1,1,0
"https://github.com/apache/hbase/blob/1.1.0/hbase-server/src/main/java/org/apache/hadoop/hbase/util/HBaseFsck.java","HBase/1.1.0",1,1,0
"https://github.com/apache/hbase/blob/1.1.0/hbase-server/src/main/java/org/apache/hadoop/hbase/wal/WALSplitter.java","HBase/1.1.0",1,1,0
"https://github.com/apache/hbase/blob/1.1.1/hbase-procedure/src/main/java/org/apache/hadoop/hbase/procedure2/ProcedureExecutor.java","HBase/1.1.1",1,1,1
"https://github.com/apache/hbase/blob/1.1.1/hbase-procedure/src/main/java/org/apache/hadoop/hbase/procedure2/store/wal/WALProcedureStore.java","HBase/1.1.1",1,1,1
"https://github.com/apache/hbase/blob/1.1.1/hbase-server/src/main/java/org/apache/hadoop/hbase/util/HBaseFsck.java","HBase/1.1.1",1,1,1
"https://github.com/apache/hbase/blob/1.1.1/hbase-server/src/main/java/org/apache/hadoop/hbase/wal/WALSplitter.java","HBase/1.1.1",1,1,1
"https://github.com/apache/hbase/blob/1.1.1/hbase-server/src/main/java/org/apache/hadoop/hbase/zookeeper/ZKTableStateManager.java","HBase/1.1.1",1,1,1
"https://github.com/apache/hbase/blob/1.1.2/hbase-server/src/main/java/org/apache/hadoop/hbase/regionserver/wal/FSHLog.java","HBase/1.1.2",1,1,2
"https://github.com/apache/hbase/blob/rel/1.1.5/hbase-client/src/main/java/org/apache/hadoop/hbase/ipc/MasterCoprocessorRpcChannel.java","HBase/rel/1.1.5",1,1,5
"https://github.com/apache/hbase/blob/rel/1.1.5/hbase-server/src/main/java/org/apache/hadoop/hbase/snapshot/SnapshotManifestV1.java","HBase/rel/1.1.5",1,1,5
"https://github.com/apache/hbase/blob/rel/1.1.6/hbase-rest/src/main/java/org/apache/hadoop/hbase/rest/ProtobufStreamingUtil.java","HBase/rel/1.1.6",1,1,6
"https://github.com/apache/hbase/blob/rel/1.1.6/hbase-rest/src/main/java/org/apache/hadoop/hbase/rest/RegionsResource.java","HBase/rel/1.1.6",1,1,6
"https://github.com/apache/hbase/blob/rel/1.1.6/hbase-rest/src/main/java/org/apache/hadoop/hbase/rest/RootResource.java","HBase/rel/1.1.6",1,1,6
"https://github.com/apache/hbase/blob/rel/1.1.6/hbase-rest/src/main/java/org/apache/hadoop/hbase/rest/RowResource.java","HBase/rel/1.1.6",1,1,6
"https://github.com/apache/hbase/blob/rel/1.1.6/hbase-rest/src/main/java/org/apache/hadoop/hbase/rest/ScannerInstanceResource.java","HBase/rel/1.1.6",1,1,6
"https://github.com/apache/hbase/blob/rel/1.1.6/hbase-rest/src/main/java/org/apache/hadoop/hbase/rest/ScannerResource.java","HBase/rel/1.1.6",1,1,6
"https://github.com/apache/hbase/blob/rel/1.1.6/hbase-rest/src/main/java/org/apache/hadoop/hbase/rest/SchemaResource.java","HBase/rel/1.1.6",1,1,6
"https://github.com/apache/hbase/blob/rel/1.1.6/hbase-rest/src/main/java/org/apache/hadoop/hbase/rest/StorageClusterStatusResource.java","HBase/rel/1.1.6",1,1,6
"https://github.com/apache/hbase/blob/rel/1.1.6/hbase-rest/src/main/java/org/apache/hadoop/hbase/rest/StorageClusterVersionResource.java","HBase/rel/1.1.6",1,1,6
"https://github.com/apache/hbase/blob/rel/1.1.6/hbase-rest/src/main/java/org/apache/hadoop/hbase/rest/TableResource.java","HBase/rel/1.1.6",1,1,6
"https://github.com/apache/hbase/blob/rel/1.1.6/hbase-rest/src/main/java/org/apache/hadoop/hbase/rest/VersionResource.java","HBase/rel/1.1.6",1,1,6
"https://github.com/apache/hbase/blob/rel/1.1.6/hbase-rest/src/main/java/org/apache/hadoop/hbase/rest/client/Client.java","HBase/rel/1.1.6",1,1,6
"https://github.com/apache/hbase/blob/rel/1.1.6/hbase-rest/src/main/java/org/apache/hadoop/hbase/rest/filter/AuthFilter.java","HBase/rel/1.1.6",1,1,6
"https://github.com/apache/hbase/blob/rel/1.1.6/hbase-rest/src/main/java/org/apache/hadoop/hbase/rest/provider/consumer/ProtobufMessageBodyConsumer.java","HBase/rel/1.1.6",1,1,6
"https://github.com/apache/hbase/blob/rel/1.1.6/hbase-server/src/main/java/org/apache/hadoop/hbase/regionserver/RSRpcServices.java","HBase/rel/1.1.6",1,1,6
"https://github.com/apache/hbase/blob/rel/1.1.7/hbase-server/src/main/java/org/apache/hadoop/hbase/master/CatalogJanitor.java","HBase/rel/1.1.7",1,1,7
"https://github.com/apache/hbase/blob/rel/1.1.7/hbase-server/src/main/java/org/apache/hadoop/hbase/replication/HBaseReplicationEndpoint.java","HBase/rel/1.1.7",1,1,7
"https://github.com/apache/hbase/blob/rel/1.1.8/hbase-server/src/main/java/org/apache/hadoop/hbase/ipc/RWQueueRpcExecutor.java","HBase/rel/1.1.8",1,1,8
"https://github.com/apache/hbase/blob/rel/1.1.9/hbase-server/src/main/java/org/apache/hadoop/hbase/security/HBaseSaslRpcServer.java","HBase/rel/1.1.9",1,1,9
"https://github.com/apache/hbase/blob/rel/1.1.10/hbase-common/src/main/java/org/apache/hadoop/hbase/io/BoundedByteBufferPool.java","HBase/rel/1.1.10",1,1,10
"https://github.com/apache/hbase/blob/rel/1.1.11/hbase-server/src/main/java/org/apache/hadoop/hbase/master/handler/ServerShutdownHandler.java","HBase/rel/1.1.11",1,1,11
"https://github.com/apache/hbase/blob/rel/1.2.0/hbase-client/src/main/java/org/apache/hadoop/hbase/ipc/MasterCoprocessorRpcChannel.java","HBase/rel/1.2.0",1,2,0
"https://github.com/apache/hbase/blob/rel/1.2.0/hbase-client/src/main/java/org/apache/hadoop/hbase/replication/ReplicationQueuesZKImpl.java","HBase/rel/1.2.0",1,2,0
"https://github.com/apache/hbase/blob/rel/1.2.0/hbase-common/src/main/java/org/apache/hadoop/hbase/io/BoundedByteBufferPool.java","HBase/rel/1.2.0",1,2,0
"https://github.com/apache/hbase/blob/rel/1.2.0/hbase-procedure/src/main/java/org/apache/hadoop/hbase/procedure2/ProcedureExecutor.java","HBase/rel/1.2.0",1,2,0
"https://github.com/apache/hbase/blob/rel/1.2.0/hbase-procedure/src/test/java/org/apache/hadoop/hbase/procedure2/TestProcedureReplayOrder.java","HBase/rel/1.2.0",1,2,0
"https://github.com/apache/hbase/blob/rel/1.2.0/hbase-rest/src/main/java/org/apache/hadoop/hbase/rest/ProtobufStreamingUtil.java","HBase/rel/1.2.0",1,2,0
"https://github.com/apache/hbase/blob/rel/1.2.0/hbase-rest/src/main/java/org/apache/hadoop/hbase/rest/RegionsResource.java","HBase/rel/1.2.0",1,2,0
"https://github.com/apache/hbase/blob/rel/1.2.0/hbase-rest/src/main/java/org/apache/hadoop/hbase/rest/RootResource.java","HBase/rel/1.2.0",1,2,0
"https://github.com/apache/hbase/blob/rel/1.2.0/hbase-rest/src/main/java/org/apache/hadoop/hbase/rest/RowResource.java","HBase/rel/1.2.0",1,2,0
"https://github.com/apache/hbase/blob/rel/1.2.0/hbase-rest/src/main/java/org/apache/hadoop/hbase/rest/ScannerInstanceResource.java","HBase/rel/1.2.0",1,2,0
"https://github.com/apache/hbase/blob/rel/1.2.0/hbase-rest/src/main/java/org/apache/hadoop/hbase/rest/ScannerResource.java","HBase/rel/1.2.0",1,2,0
"https://github.com/apache/hbase/blob/rel/1.2.0/hbase-rest/src/main/java/org/apache/hadoop/hbase/rest/SchemaResource.java","HBase/rel/1.2.0",1,2,0
"https://github.com/apache/hbase/blob/rel/1.2.0/hbase-rest/src/main/java/org/apache/hadoop/hbase/rest/StorageClusterStatusResource.java","HBase/rel/1.2.0",1,2,0
"https://github.com/apache/hbase/blob/rel/1.2.0/hbase-rest/src/main/java/org/apache/hadoop/hbase/rest/StorageClusterVersionResource.java","HBase/rel/1.2.0",1,2,0
"https://github.com/apache/hbase/blob/rel/1.2.0/hbase-rest/src/main/java/org/apache/hadoop/hbase/rest/TableResource.java","HBase/rel/1.2.0",1,2,0
"https://github.com/apache/hbase/blob/rel/1.2.0/hbase-rest/src/main/java/org/apache/hadoop/hbase/rest/VersionResource.java","HBase/rel/1.2.0",1,2,0
"https://github.com/apache/hbase/blob/rel/1.2.0/hbase-rest/src/main/java/org/apache/hadoop/hbase/rest/client/Client.java","HBase/rel/1.2.0",1,2,0
"https://github.com/apache/hbase/blob/rel/1.2.0/hbase-rest/src/main/java/org/apache/hadoop/hbase/rest/filter/AuthFilter.java","HBase/rel/1.2.0",1,2,0
"https://github.com/apache/hbase/blob/rel/1.2.0/hbase-rest/src/main/java/org/apache/hadoop/hbase/rest/provider/consumer/ProtobufMessageBodyConsumer.java","HBase/rel/1.2.0",1,2,0
"https://github.com/apache/hbase/blob/rel/1.2.0/hbase-server/src/main/java/org/apache/hadoop/hbase/coordination/ZkSplitLogWorkerCoordination.java","HBase/rel/1.2.0",1,2,0
"https://github.com/apache/hbase/blob/rel/1.2.0/hbase-server/src/main/java/org/apache/hadoop/hbase/ipc/RWQueueRpcExecutor.java","HBase/rel/1.2.0",1,2,0
"https://github.com/apache/hbase/blob/rel/1.2.0/hbase-server/src/main/java/org/apache/hadoop/hbase/master/CatalogJanitor.java","HBase/rel/1.2.0",1,2,0
"https://github.com/apache/hbase/blob/rel/1.2.0/hbase-server/src/main/java/org/apache/hadoop/hbase/master/balancer/RegionLocationFinder.java","HBase/rel/1.2.0",1,2,0
"https://github.com/apache/hbase/blob/rel/1.2.0/hbase-server/src/main/java/org/apache/hadoop/hbase/regionserver/RSRpcServices.java","HBase/rel/1.2.0",1,2,0
"https://github.com/apache/hbase/blob/rel/1.2.0/hbase-server/src/main/java/org/apache/hadoop/hbase/regionserver/wal/FSHLog.java","HBase/rel/1.2.0",1,2,0
"https://github.com/apache/hbase/blob/rel/1.2.0/hbase-server/src/main/java/org/apache/hadoop/hbase/replication/HBaseReplicationEndpoint.java","HBase/rel/1.2.0",1,2,0
"https://github.com/apache/hbase/blob/rel/1.2.0/hbase-server/src/main/java/org/apache/hadoop/hbase/security/HBaseSaslRpcServer.java","HBase/rel/1.2.0",1,2,0
"https://github.com/apache/hbase/blob/rel/1.2.0/hbase-server/src/main/java/org/apache/hadoop/hbase/snapshot/SnapshotManifestV1.java","HBase/rel/1.2.0",1,2,0
"https://github.com/apache/hbase/blob/rel/1.2.0/hbase-server/src/main/java/org/apache/hadoop/hbase/wal/WALSplitter.java","HBase/rel/1.2.0",1,2,0
"https://github.com/apache/hbase/blob/rel/1.2.1/hbase-client/src/main/java/org/apache/hadoop/hbase/ipc/MasterCoprocessorRpcChannel.java","HBase/rel/1.2.1",1,2,1
"https://github.com/apache/hbase/blob/rel/1.2.2/hbase-rest/src/main/java/org/apache/hadoop/hbase/rest/NamespacesInstanceResource.java","HBase/rel/1.2.2",1,2,2
"https://github.com/apache/hbase/blob/rel/1.2.2/hbase-rest/src/main/java/org/apache/hadoop/hbase/rest/NamespacesResource.java","HBase/rel/1.2.2",1,2,2
"https://github.com/apache/hbase/blob/rel/1.2.2/hbase-rest/src/main/java/org/apache/hadoop/hbase/rest/ProtobufStreamingUtil.java","HBase/rel/1.2.2",1,2,2
"https://github.com/apache/hbase/blob/rel/1.2.2/hbase-rest/src/main/java/org/apache/hadoop/hbase/rest/RegionsResource.java","HBase/rel/1.2.2",1,2,2
"https://github.com/apache/hbase/blob/rel/1.2.2/hbase-rest/src/main/java/org/apache/hadoop/hbase/rest/RootResource.java","HBase/rel/1.2.2",1,2,2
"https://github.com/apache/hbase/blob/rel/1.2.2/hbase-rest/src/main/java/org/apache/hadoop/hbase/rest/RowResource.java","HBase/rel/1.2.2",1,2,2
"https://github.com/apache/hbase/blob/rel/1.2.2/hbase-rest/src/main/java/org/apache/hadoop/hbase/rest/ScannerInstanceResource.java","HBase/rel/1.2.2",1,2,2
"https://github.com/apache/hbase/blob/rel/1.2.2/hbase-rest/src/main/java/org/apache/hadoop/hbase/rest/ScannerResource.java","HBase/rel/1.2.2",1,2,2
"https://github.com/apache/hbase/blob/rel/1.2.2/hbase-rest/src/main/java/org/apache/hadoop/hbase/rest/SchemaResource.java","HBase/rel/1.2.2",1,2,2
"https://github.com/apache/hbase/blob/rel/1.2.2/hbase-rest/src/main/java/org/apache/hadoop/hbase/rest/StorageClusterStatusResource.java","HBase/rel/1.2.2",1,2,2
"https://github.com/apache/hbase/blob/rel/1.2.2/hbase-rest/src/main/java/org/apache/hadoop/hbase/rest/StorageClusterVersionResource.java","HBase/rel/1.2.2",1,2,2
"https://github.com/apache/hbase/blob/rel/1.2.2/hbase-rest/src/main/java/org/apache/hadoop/hbase/rest/TableResource.java","HBase/rel/1.2.2",1,2,2
"https://github.com/apache/hbase/blob/rel/1.2.2/hbase-rest/src/main/java/org/apache/hadoop/hbase/rest/VersionResource.java","HBase/rel/1.2.2",1,2,2
"https://github.com/apache/hbase/blob/rel/1.2.2/hbase-rest/src/main/java/org/apache/hadoop/hbase/rest/client/Client.java","HBase/rel/1.2.2",1,2,2
"https://github.com/apache/hbase/blob/rel/1.2.2/hbase-rest/src/main/java/org/apache/hadoop/hbase/rest/filter/AuthFilter.java","HBase/rel/1.2.2",1,2,2
"https://github.com/apache/hbase/blob/rel/1.2.2/hbase-rest/src/main/java/org/apache/hadoop/hbase/rest/provider/consumer/ProtobufMessageBodyConsumer.java","HBase/rel/1.2.2",1,2,2
"https://github.com/apache/hbase/blob/rel/1.2.2/hbase-server/src/main/java/org/apache/hadoop/hbase/regionserver/RSRpcServices.java","HBase/rel/1.2.2",1,2,2
"https://github.com/apache/hbase/blob/rel/1.2.2/hbase-server/src/main/java/org/apache/hadoop/hbase/snapshot/SnapshotManifestV1.java","HBase/rel/1.2.2",1,2,2
"https://github.com/apache/hbase/blob/rel/1.2.4/hbase-server/src/main/java/org/apache/hadoop/hbase/ipc/RWQueueRpcExecutor.java","HBase/rel/1.2.4",1,2,4
"https://github.com/apache/hbase/blob/rel/1.2.4/hbase-server/src/main/java/org/apache/hadoop/hbase/master/CatalogJanitor.java","HBase/rel/1.2.4",1,2,4
"https://github.com/apache/hbase/blob/rel/1.2.4/hbase-server/src/main/java/org/apache/hadoop/hbase/replication/HBaseReplicationEndpoint.java","HBase/rel/1.2.4",1,2,4
"https://github.com/apache/hbase/blob/rel/1.2.5/hbase-server/src/main/java/org/apache/hadoop/hbase/regionserver/HRegionServer.java","HBase/rel/1.2.5",1,2,5
"https://github.com/apache/hbase/blob/rel/1.2.5/hbase-server/src/main/java/org/apache/hadoop/hbase/security/HBaseSaslRpcServer.java","HBase/rel/1.2.5",1,2,5
"https://github.com/apache/hbase/blob/rel/1.2.6/hbase-common/src/main/java/org/apache/hadoop/hbase/io/BoundedByteBufferPool.java","HBase/rel/1.2.6",1,2,6
"https://github.com/apache/hbase/blob/rel/1.2.7/hbase-rest/src/test/java/org/apache/hadoop/hbase/rest/TestTableResource.java","HBase/rel/1.2.7",1,2,7
"https://github.com/apache/hbase/blob/rel/1.2.7/hbase-server/src/main/java/org/apache/hadoop/hbase/io/hfile/LruBlockCache.java","HBase/rel/1.2.7",1,2,7
"https://github.com/apache/hbase/blob/rel/1.3.0/hbase-common/src/main/java/org/apache/hadoop/hbase/io/BoundedByteBufferPool.java","HBase/rel/1.3.0",1,3,0
"https://github.com/apache/hbase/blob/rel/1.3.0/hbase-procedure/src/main/java/org/apache/hadoop/hbase/procedure2/store/wal/WALProcedureStore.java","HBase/rel/1.3.0",1,3,0
"https://github.com/apache/hbase/blob/rel/1.3.0/hbase-rest/src/test/java/org/apache/hadoop/hbase/rest/TestTableResource.java","HBase/rel/1.3.0",1,3,0
"https://github.com/apache/hbase/blob/rel/1.3.0/hbase-server/src/main/java/org/apache/hadoop/hbase/io/hfile/LruBlockCache.java","HBase/rel/1.3.0",1,3,0
"https://github.com/apache/hbase/blob/rel/1.3.0/hbase-server/src/main/java/org/apache/hadoop/hbase/ipc/RWQueueRpcExecutor.java","HBase/rel/1.3.0",1,3,0
"https://github.com/apache/hbase/blob/rel/1.3.0/hbase-server/src/main/java/org/apache/hadoop/hbase/master/TableNamespaceManager.java","HBase/rel/1.3.0",1,3,0
"https://github.com/apache/hbase/blob/rel/1.3.0/hbase-server/src/main/java/org/apache/hadoop/hbase/regionserver/HRegionServer.java","HBase/rel/1.3.0",1,3,0
"https://github.com/apache/hbase/blob/rel/1.3.0/hbase-server/src/main/java/org/apache/hadoop/hbase/security/HBaseSaslRpcServer.java","HBase/rel/1.3.0",1,3,0
"https://github.com/apache/hbase/blob/rel/1.3.1/hbase-common/src/main/java/org/apache/hadoop/hbase/io/BoundedByteBufferPool.java","HBase/rel/1.3.1",1,3,1
"https://github.com/apache/hbase/blob/rel/1.3.1/hbase-server/src/main/java/org/apache/hadoop/hbase/security/HBaseSaslRpcServer.java","HBase/rel/1.3.1",1,3,1
"https://github.com/apache/hbase/blob/rel/1.3.2/hbase-server/src/main/java/org/apache/hadoop/hbase/ipc/RWQueueRpcExecutor.java","HBase/rel/1.3.2",1,3,2
"https://github.com/apache/hbase/blob/rel/1.3.2/hbase-server/src/main/java/org/apache/hadoop/hbase/regionserver/StoreScanner.java","HBase/rel/1.3.2",1,3,2
"https://github.com/apache/hbase/blob/rel/1.3.3/hbase-client/src/main/java/org/apache/hadoop/hbase/security/HBaseSaslRpcClient.java","HBase/rel/1.3.3",1,3,3
"https://github.com/apache/hbase/blob/rel/1.3.3/hbase-client/src/main/java/org/apache/hadoop/hbase/security/SaslClientHandler.java","HBase/rel/1.3.3",1,3,3
"https://github.com/apache/hbase/blob/rel/1.3.3/hbase-rest/src/test/java/org/apache/hadoop/hbase/rest/TestTableResource.java","HBase/rel/1.3.3",1,3,3
"https://github.com/apache/hbase/blob/rel/1.3.3/hbase-server/src/main/java/org/apache/hadoop/hbase/io/hfile/LruBlockCache.java","HBase/rel/1.3.3",1,3,3
"https://github.com/apache/hbase/blob/rel/1.3.3/hbase-server/src/main/java/org/apache/hadoop/hbase/ipc/RpcServer.java","HBase/rel/1.3.3",1,3,3
"https://github.com/apache/hbase/blob/rel/1.3.3/hbase-server/src/main/java/org/apache/hadoop/hbase/master/balancer/BaseLoadBalancer.java","HBase/rel/1.3.3",1,3,3
"https://github.com/apache/hbase/blob/rel/1.3.3/hbase-server/src/main/java/org/apache/hadoop/hbase/master/balancer/RegionLocationFinder.java","HBase/rel/1.3.3",1,3,3
"https://github.com/apache/hbase/blob/rel/1.3.3/hbase-server/src/main/java/org/apache/hadoop/hbase/master/cleaner/CleanerChore.java","HBase/rel/1.3.3",1,3,3
"https://github.com/apache/hbase/blob/rel/1.3.3/hbase-server/src/main/java/org/apache/hadoop/hbase/regionserver/compactions/Compactor.java","HBase/rel/1.3.3",1,3,3
"https://github.com/apache/hbase/blob/rel/1.3.5/hbase-server/src/main/java/org/apache/hadoop/hbase/regionserver/MemStoreChunkPool.java","HBase/rel/1.3.5",1,3,5
"https://github.com/apache/hbase/blob/rel/1.3.6/hbase-server/src/main/java/org/apache/hadoop/hbase/coordination/ZkSplitLogWorkerCoordination.java","HBase/rel/1.3.6",1,3,6
"https://github.com/apache/hbase/blob/rel/1.4.0/hbase-client/src/main/java/org/apache/hadoop/hbase/security/HBaseSaslRpcClient.java","HBase/rel/1.4.0",1,4,0
"https://github.com/apache/hbase/blob/rel/1.4.0/hbase-rest/src/test/java/org/apache/hadoop/hbase/rest/TestTableResource.java","HBase/rel/1.4.0",1,4,0
"https://github.com/apache/hbase/blob/rel/1.4.0/hbase-server/src/main/java/org/apache/hadoop/hbase/coordination/ZkSplitLogWorkerCoordination.java","HBase/rel/1.4.0",1,4,0
"https://github.com/apache/hbase/blob/rel/1.4.0/hbase-server/src/main/java/org/apache/hadoop/hbase/io/hfile/LruBlockCache.java","HBase/rel/1.4.0",1,4,0
"https://github.com/apache/hbase/blob/rel/1.4.0/hbase-server/src/main/java/org/apache/hadoop/hbase/ipc/CallRunner.java","HBase/rel/1.4.0",1,4,0
"https://github.com/apache/hbase/blob/rel/1.4.0/hbase-server/src/main/java/org/apache/hadoop/hbase/ipc/RpcServer.java","HBase/rel/1.4.0",1,4,0
"https://github.com/apache/hbase/blob/rel/1.4.0/hbase-server/src/main/java/org/apache/hadoop/hbase/master/balancer/BaseLoadBalancer.java","HBase/rel/1.4.0",1,4,0
"https://github.com/apache/hbase/blob/rel/1.4.0/hbase-server/src/main/java/org/apache/hadoop/hbase/master/balancer/RegionLocationFinder.java","HBase/rel/1.4.0",1,4,0
"https://github.com/apache/hbase/blob/rel/1.4.0/hbase-server/src/main/java/org/apache/hadoop/hbase/master/cleaner/CleanerChore.java","HBase/rel/1.4.0",1,4,0
"https://github.com/apache/hbase/blob/rel/1.4.0/hbase-server/src/main/java/org/apache/hadoop/hbase/regionserver/HRegionFileSystem.java","HBase/rel/1.4.0",1,4,0
"https://github.com/apache/hbase/blob/rel/1.4.0/hbase-server/src/main/java/org/apache/hadoop/hbase/regionserver/MemStoreChunkPool.java","HBase/rel/1.4.0",1,4,0
"https://github.com/apache/hbase/blob/rel/1.4.0/hbase-server/src/main/java/org/apache/hadoop/hbase/regionserver/compactions/Compactor.java","HBase/rel/1.4.0",1,4,0
"https://github.com/apache/hbase/blob/rel/1.4.0/hbase-server/src/main/java/org/apache/hadoop/hbase/replication/regionserver/HFileReplicator.java","HBase/rel/1.4.0",1,4,0
"https://github.com/apache/hbase/blob/rel/1.4.0/hbase-server/src/main/java/org/apache/hadoop/hbase/util/FSUtils.java","HBase/rel/1.4.0",1,4,0
"https://github.com/apache/hbase/blob/rel/1.4.4/hbase-server/src/main/java/org/apache/hadoop/hbase/master/cleaner/CleanerChore.java","HBase/rel/1.4.4",1,4,4
"https://github.com/apache/hbase/blob/rel/1.4.5/hbase-rsgroup/src/main/java/org/apache/hadoop/hbase/rsgroup/RSGroupBasedLoadBalancer.java","HBase/rel/1.4.5",1,4,5
"https://github.com/apache/hbase/blob/rel/1.4.5/hbase-server/src/main/java/org/apache/hadoop/hbase/io/hfile/LruBlockCache.java","HBase/rel/1.4.5",1,4,5
"https://github.com/apache/hbase/blob/rel/1.4.5/hbase-server/src/main/java/org/apache/hadoop/hbase/io/hfile/bucket/BucketCache.java","HBase/rel/1.4.5",1,4,5
"https://github.com/apache/hbase/blob/rel/1.4.5/hbase-server/src/main/java/org/apache/hadoop/hbase/master/cleaner/CleanerChore.java","HBase/rel/1.4.5",1,4,5
"https://github.com/apache/hbase/blob/rel/1.4.6/hbase-client/src/main/java/org/apache/hadoop/hbase/security/NettyHBaseSaslRpcClient.java","HBase/rel/1.4.6",1,4,6
"https://github.com/apache/hbase/blob/rel/1.4.6/hbase-client/src/main/java/org/apache/hadoop/hbase/security/NettyHBaseSaslRpcClientHandler.java","HBase/rel/1.4.6",1,4,6
"https://github.com/apache/hbase/blob/rel/1.4.6/hbase-server/src/main/java/org/apache/hadoop/hbase/io/hfile/BlockCacheUtil.java","HBase/rel/1.4.6",1,4,6
"https://github.com/apache/hbase/blob/rel/1.4.6/hbase-server/src/main/java/org/apache/hadoop/hbase/master/balancer/BaseLoadBalancer.java","HBase/rel/1.4.6",1,4,6
"https://github.com/apache/hbase/blob/rel/1.4.6/hbase-server/src/main/java/org/apache/hadoop/hbase/master/balancer/RegionLocationFinder.java","HBase/rel/1.4.6",1,4,6
"https://github.com/apache/hbase/blob/rel/1.4.6/hbase-server/src/main/java/org/apache/hadoop/hbase/master/cleaner/CleanerChore.java","HBase/rel/1.4.6",1,4,6
"https://github.com/apache/hbase/blob/rel/1.4.7/hbase-rest/src/test/java/org/apache/hadoop/hbase/rest/TestTableResource.java","HBase/rel/1.4.7",1,4,7
"https://github.com/apache/hbase/blob/rel/1.4.9/hbase-it/src/test/java/org/apache/hadoop/hbase/test/IntegrationTestBigLinkedList.java","HBase/rel/1.4.9",1,4,9
"https://github.com/apache/hbase/blob/rel/1.4.9/hbase-server/src/main/java/org/apache/hadoop/hbase/regionserver/compactions/Compactor.java","HBase/rel/1.4.9",1,4,9
"https://github.com/apache/hbase/blob/rel/1.4.10/hbase-server/src/main/java/org/apache/hadoop/hbase/regionserver/MemStoreChunkPool.java","HBase/rel/1.4.10",1,4,10
"https://github.com/apache/hbase/blob/rel/1.4.10/hbase-server/src/main/java/org/apache/hadoop/hbase/util/LossyCounting.java","HBase/rel/1.4.10",1,4,10
"https://github.com/apache/hbase/blob/rel/1.4.11/hbase-rsgroup/src/main/java/org/apache/hadoop/hbase/rsgroup/RSGroupBasedLoadBalancer.java","HBase/rel/1.4.11",1,4,11
"https://github.com/apache/hbase/blob/rel/1.4.11/hbase-server/src/main/java/org/apache/hadoop/hbase/coordination/ZkSplitLogWorkerCoordination.java","HBase/rel/1.4.11",1,4,11
"https://github.com/apache/hbase/blob/rel/1.4.11/hbase-server/src/main/java/org/apache/hadoop/hbase/master/cleaner/CleanerChore.java","HBase/rel/1.4.11",1,4,11
"https://github.com/apache/hbase/blob/rel/1.4.11/hbase-server/src/test/java/org/apache/hadoop/hbase/coprocessor/TestMetaTableMetrics.java","HBase/rel/1.4.11",1,4,11
"https://github.com/apache/hbase/blob/rel/1.4.12/hbase-server/src/main/java/org/apache/hadoop/hbase/master/cleaner/CleanerChore.java","HBase/rel/1.4.12",1,4,12
"https://github.com/apache/hbase/blob/rel/1.5.0/hbase-server/src/main/java/org/apache/hadoop/hbase/master/cleaner/CleanerChore.java","HBase/rel/1.5.0",1,5,0
"https://github.com/apache/hbase/blob/rel/1.6.0/hbase-server/src/main/java/org/apache/hadoop/hbase/master/cleaner/CleanerChore.java","HBase/rel/1.6.0",1,6,0
"https://github.com/apache/hbase/blob/rel/1.7.0/hbase-server/src/main/java/org/apache/hadoop/hbase/master/balancer/StochasticLoadBalancer.java","HBase/rel/1.7.0",1,7,0
"https://github.com/apache/hbase/blob/rel/1.7.0/hbase-server/src/main/java/org/apache/hadoop/hbase/regionserver/HRegion.java","HBase/rel/1.7.0",1,7,0
"https://github.com/apache/hbase/blob/rel/2.0.0/hbase-client/src/main/java/org/apache/hadoop/hbase/ipc/AbstractRpcClient.java","HBase/rel/2.0.0",2,0,0
"https://github.com/apache/hbase/blob/rel/2.0.0/hbase-client/src/main/java/org/apache/hadoop/hbase/ipc/BlockingRpcConnection.java","HBase/rel/2.0.0",2,0,0
"https://github.com/apache/hbase/blob/rel/2.0.0/hbase-client/src/main/java/org/apache/hadoop/hbase/ipc/NettyRpcConnection.java","HBase/rel/2.0.0",2,0,0
"https://github.com/apache/hbase/blob/rel/2.0.0/hbase-client/src/main/java/org/apache/hadoop/hbase/ipc/NettyRpcDuplexHandler.java","HBase/rel/2.0.0",2,0,0
"https://github.com/apache/hbase/blob/rel/2.0.0/hbase-client/src/main/java/org/apache/hadoop/hbase/security/NettyHBaseSaslRpcClient.java","HBase/rel/2.0.0",2,0,0
"https://github.com/apache/hbase/blob/rel/2.0.0/hbase-client/src/main/java/org/apache/hadoop/hbase/security/NettyHBaseSaslRpcClientHandler.java","HBase/rel/2.0.0",2,0,0
"https://github.com/apache/hbase/blob/rel/2.0.0/hbase-common/src/main/java/org/apache/hadoop/hbase/util/Base64.java","HBase/rel/2.0.0",2,0,0
"https://github.com/apache/hbase/blob/rel/2.0.0/hbase-common/src/main/java/org/apache/hadoop/hbase/util/Methods.java","HBase/rel/2.0.0",2,0,0
"https://github.com/apache/hbase/blob/rel/2.0.0/hbase-it/src/test/java/org/apache/hadoop/hbase/IntegrationTestDDLMasterFailover.java","HBase/rel/2.0.0",2,0,0
"https://github.com/apache/hbase/blob/rel/2.0.0/hbase-it/src/test/java/org/apache/hadoop/hbase/test/IntegrationTestBigLinkedList.java","HBase/rel/2.0.0",2,0,0
"https://github.com/apache/hbase/blob/rel/2.0.0/hbase-it/src/test/java/org/apache/hadoop/hbase/test/IntegrationTestBigLinkedListWithVisibility.java","HBase/rel/2.0.0",2,0,0
"https://github.com/apache/hbase/blob/rel/2.0.0/hbase-procedure/src/main/java/org/apache/hadoop/hbase/procedure2/ProcedureExecutor.java","HBase/rel/2.0.0",2,0,0
"https://github.com/apache/hbase/blob/rel/2.0.0/hbase-procedure/src/main/java/org/apache/hadoop/hbase/procedure2/store/wal/WALProcedureStore.java","HBase/rel/2.0.0",2,0,0
"https://github.com/apache/hbase/blob/rel/2.0.0/hbase-rest/src/test/java/org/apache/hadoop/hbase/rest/TestTableResource.java","HBase/rel/2.0.0",2,0,0
"https://github.com/apache/hbase/blob/rel/2.0.0/hbase-rsgroup/src/main/java/org/apache/hadoop/hbase/rsgroup/RSGroupBasedLoadBalancer.java","HBase/rel/2.0.0",2,0,0
"https://github.com/apache/hbase/blob/rel/2.0.0/hbase-rsgroup/src/main/java/org/apache/hadoop/hbase/rsgroup/RSGroupInfoManagerImpl.java","HBase/rel/2.0.0",2,0,0
"https://github.com/apache/hbase/blob/rel/2.0.0/hbase-server/src/main/java/org/apache/hadoop/hbase/ZKNamespaceManager.java","HBase/rel/2.0.0",2,0,0
"https://github.com/apache/hbase/blob/rel/2.0.0/hbase-server/src/main/java/org/apache/hadoop/hbase/coordination/ZKSplitLogManagerCoordination.java","HBase/rel/2.0.0",2,0,0
"https://github.com/apache/hbase/blob/rel/2.0.0/hbase-server/src/main/java/org/apache/hadoop/hbase/coordination/ZkSplitLogWorkerCoordination.java","HBase/rel/2.0.0",2,0,0
"https://github.com/apache/hbase/blob/rel/2.0.0/hbase-server/src/main/java/org/apache/hadoop/hbase/master/ActiveMasterManager.java","HBase/rel/2.0.0",2,0,0
"https://github.com/apache/hbase/blob/rel/2.0.0/hbase-server/src/main/java/org/apache/hadoop/hbase/master/DeadServer.java","HBase/rel/2.0.0",2,0,0
"https://github.com/apache/hbase/blob/rel/2.0.0/hbase-server/src/main/java/org/apache/hadoop/hbase/master/HMaster.java","HBase/rel/2.0.0",2,0,0
"https://github.com/apache/hbase/blob/rel/2.0.0/hbase-server/src/main/java/org/apache/hadoop/hbase/master/MasterCoprocessorHost.java","HBase/rel/2.0.0",2,0,0
"https://github.com/apache/hbase/blob/rel/2.0.0/hbase-server/src/main/java/org/apache/hadoop/hbase/master/MasterFileSystem.java","HBase/rel/2.0.0",2,0,0
"https://github.com/apache/hbase/blob/rel/2.0.0/hbase-server/src/main/java/org/apache/hadoop/hbase/master/ServerManager.java","HBase/rel/2.0.0",2,0,0
"https://github.com/apache/hbase/blob/rel/2.0.0/hbase-server/src/main/java/org/apache/hadoop/hbase/master/SplitLogManager.java","HBase/rel/2.0.0",2,0,0
"https://github.com/apache/hbase/blob/rel/2.0.0/hbase-server/src/main/java/org/apache/hadoop/hbase/master/balancer/RegionLocationFinder.java","HBase/rel/2.0.0",2,0,0
"https://github.com/apache/hbase/blob/rel/2.0.0/hbase-server/src/main/java/org/apache/hadoop/hbase/master/balancer/StochasticLoadBalancer.java","HBase/rel/2.0.0",2,0,0
"https://github.com/apache/hbase/blob/rel/2.0.0/hbase-server/src/main/java/org/apache/hadoop/hbase/master/cleaner/CleanerChore.java","HBase/rel/2.0.0",2,0,0
"https://github.com/apache/hbase/blob/rel/2.0.0/hbase-server/src/main/java/org/apache/hadoop/hbase/master/cleaner/HFileCleaner.java","HBase/rel/2.0.0",2,0,0
"https://github.com/apache/hbase/blob/rel/2.0.0/hbase-server/src/main/java/org/apache/hadoop/hbase/master/procedure/CreateTableProcedure.java","HBase/rel/2.0.0",2,0,0
"https://github.com/apache/hbase/blob/rel/2.0.0/hbase-server/src/main/java/org/apache/hadoop/hbase/master/procedure/EnableTableProcedure.java","HBase/rel/2.0.0",2,0,0
"https://github.com/apache/hbase/blob/rel/2.0.0/hbase-server/src/main/java/org/apache/hadoop/hbase/procedure/ZKProcedureUtil.java","HBase/rel/2.0.0",2,0,0
"https://github.com/apache/hbase/blob/rel/2.0.0/hbase-server/src/main/java/org/apache/hadoop/hbase/regionserver/HRegion.java","HBase/rel/2.0.0",2,0,0
"https://github.com/apache/hbase/blob/rel/2.0.0/hbase-server/src/main/java/org/apache/hadoop/hbase/regionserver/HRegionServer.java","HBase/rel/2.0.0",2,0,0
"https://github.com/apache/hbase/blob/rel/2.0.0/hbase-server/src/main/java/org/apache/hadoop/hbase/regionserver/HStore.java","HBase/rel/2.0.0",2,0,0
"https://github.com/apache/hbase/blob/rel/2.0.0/hbase-server/src/main/java/org/apache/hadoop/hbase/regionserver/Leases.java","HBase/rel/2.0.0",2,0,0
"https://github.com/apache/hbase/blob/rel/2.0.0/hbase-server/src/main/java/org/apache/hadoop/hbase/regionserver/RSRpcServices.java","HBase/rel/2.0.0",2,0,0
"https://github.com/apache/hbase/blob/rel/2.0.0/hbase-server/src/main/java/org/apache/hadoop/hbase/regionserver/ShutdownHook.java","HBase/rel/2.0.0",2,0,0
"https://github.com/apache/hbase/blob/rel/2.0.0/hbase-server/src/main/java/org/apache/hadoop/hbase/regionserver/StoreFileInfo.java","HBase/rel/2.0.0",2,0,0
"https://github.com/apache/hbase/blob/rel/2.0.0/hbase-server/src/main/java/org/apache/hadoop/hbase/regionserver/handler/CloseRegionHandler.java","HBase/rel/2.0.0",2,0,0
"https://github.com/apache/hbase/blob/rel/2.0.0/hbase-server/src/main/java/org/apache/hadoop/hbase/regionserver/throttle/PressureAwareCompactionThroughputController.java","HBase/rel/2.0.0",2,0,0
"https://github.com/apache/hbase/blob/rel/2.0.0/hbase-server/src/main/java/org/apache/hadoop/hbase/security/access/TableAuthManager.java","HBase/rel/2.0.0",2,0,0
"https://github.com/apache/hbase/blob/rel/2.0.0/hbase-server/src/main/java/org/apache/hadoop/hbase/security/token/ZKSecretWatcher.java","HBase/rel/2.0.0",2,0,0
"https://github.com/apache/hbase/blob/rel/2.0.0/hbase-server/src/main/java/org/apache/hadoop/hbase/snapshot/RestoreSnapshotHelper.java","HBase/rel/2.0.0",2,0,0
"https://github.com/apache/hbase/blob/rel/2.0.0/hbase-server/src/main/java/org/apache/hadoop/hbase/util/FSTableDescriptors.java","HBase/rel/2.0.0",2,0,0
"https://github.com/apache/hbase/blob/rel/2.0.0/hbase-server/src/main/java/org/apache/hadoop/hbase/util/HBaseFsck.java","HBase/rel/2.0.0",2,0,0
"https://github.com/apache/hbase/blob/rel/2.0.0/hbase-server/src/main/java/org/apache/hadoop/hbase/wal/WALSplitter.java","HBase/rel/2.0.0",2,0,0
"https://github.com/apache/hbase/blob/rel/2.0.0/hbase-server/src/test/java/org/apache/hadoop/hbase/HBaseTestCase.java","HBase/rel/2.0.0",2,0,0
"https://github.com/apache/hbase/blob/rel/2.0.0/hbase-server/src/test/java/org/apache/hadoop/hbase/master/procedure/TestWALProcedureStoreOnHDFS.java","HBase/rel/2.0.0",2,0,0
"https://github.com/apache/hbase/blob/rel/2.0.0/hbase-server/src/test/java/org/apache/hadoop/hbase/regionserver/wal/TestLogRollAbort.java","HBase/rel/2.0.0",2,0,0
"https://github.com/apache/hbase/blob/rel/2.0.0/hbase-server/src/test/java/org/apache/hadoop/hbase/security/token/TestTokenAuthentication.java","HBase/rel/2.0.0",2,0,0
"https://github.com/apache/hbase/blob/rel/2.0.0/hbase-server/src/test/java/org/apache/hadoop/hbase/util/MockServer.java","HBase/rel/2.0.0",2,0,0
"https://github.com/apache/hbase/blob/rel/2.0.0/hbase-server/src/test/java/org/apache/hadoop/hbase/util/TestRootPath.java","HBase/rel/2.0.0",2,0,0
"https://github.com/apache/hbase/blob/rel/2.0.1/hbase-mapreduce/src/test/java/org/apache/hadoop/hbase/PerformanceEvaluation.java","HBase/rel/2.0.1",2,0,1
"https://github.com/apache/hbase/blob/rel/2.0.1/hbase-rsgroup/src/main/java/org/apache/hadoop/hbase/rsgroup/RSGroupBasedLoadBalancer.java","HBase/rel/2.0.1",2,0,1
"https://github.com/apache/hbase/blob/rel/2.0.1/hbase-server/src/main/java/org/apache/hadoop/hbase/io/hfile/LruBlockCache.java","HBase/rel/2.0.1",2,0,1
"https://github.com/apache/hbase/blob/rel/2.0.1/hbase-server/src/main/java/org/apache/hadoop/hbase/master/assignment/UnassignProcedure.java","HBase/rel/2.0.1",2,0,1
"https://github.com/apache/hbase/blob/rel/2.0.1/hbase-server/src/main/java/org/apache/hadoop/hbase/master/cleaner/CleanerChore.java","HBase/rel/2.0.1",2,0,1
"https://github.com/apache/hbase/blob/rel/2.0.2/hbase-client/src/main/java/org/apache/hadoop/hbase/security/NettyHBaseSaslRpcClient.java","HBase/rel/2.0.2",2,0,2
"https://github.com/apache/hbase/blob/rel/2.0.2/hbase-client/src/main/java/org/apache/hadoop/hbase/security/NettyHBaseSaslRpcClientHandler.java","HBase/rel/2.0.2",2,0,2
"https://github.com/apache/hbase/blob/rel/2.0.2/hbase-rest/src/test/java/org/apache/hadoop/hbase/rest/TestTableResource.java","HBase/rel/2.0.2",2,0,2
"https://github.com/apache/hbase/blob/rel/2.0.2/hbase-server/src/main/java/org/apache/hadoop/hbase/io/hfile/HFileReaderImpl.java","HBase/rel/2.0.2",2,0,2
"https://github.com/apache/hbase/blob/rel/2.0.2/hbase-server/src/main/java/org/apache/hadoop/hbase/master/balancer/RegionLocationFinder.java","HBase/rel/2.0.2",2,0,2
"https://github.com/apache/hbase/blob/rel/2.0.2/hbase-server/src/main/java/org/apache/hadoop/hbase/master/cleaner/CleanerChore.java","HBase/rel/2.0.2",2,0,2
"https://github.com/apache/hbase/blob/rel/2.0.2/hbase-server/src/main/java/org/apache/hadoop/hbase/master/cleaner/HFileCleaner.java","HBase/rel/2.0.2",2,0,2
"https://github.com/apache/hbase/blob/rel/2.0.3/hbase-procedure/src/main/java/org/apache/hadoop/hbase/procedure2/ProcedureExecutor.java","HBase/rel/2.0.3",2,0,3
"https://github.com/apache/hbase/blob/rel/2.0.3/hbase-procedure/src/main/java/org/apache/hadoop/hbase/procedure2/StateMachineProcedure.java","HBase/rel/2.0.3",2,0,3
"https://github.com/apache/hbase/blob/rel/2.0.3/hbase-procedure/src/main/java/org/apache/hadoop/hbase/procedure2/store/wal/WALProcedureStore.java","HBase/rel/2.0.3",2,0,3
"https://github.com/apache/hbase/blob/rel/2.0.3/hbase-server/src/main/java/org/apache/hadoop/hbase/master/DeadServer.java","HBase/rel/2.0.3",2,0,3
"https://github.com/apache/hbase/blob/rel/2.0.3/hbase-server/src/main/java/org/apache/hadoop/hbase/master/MasterRpcServices.java","HBase/rel/2.0.3",2,0,3
"https://github.com/apache/hbase/blob/rel/2.0.3/hbase-server/src/main/java/org/apache/hadoop/hbase/master/SplitLogManager.java","HBase/rel/2.0.3",2,0,3
"https://github.com/apache/hbase/blob/rel/2.0.3/hbase-server/src/main/java/org/apache/hadoop/hbase/master/assignment/RegionTransitionProcedure.java","HBase/rel/2.0.3",2,0,3
"https://github.com/apache/hbase/blob/rel/2.0.3/hbase-server/src/main/java/org/apache/hadoop/hbase/master/balancer/StochasticLoadBalancer.java","HBase/rel/2.0.3",2,0,3
"https://github.com/apache/hbase/blob/rel/2.0.3/hbase-server/src/main/java/org/apache/hadoop/hbase/util/RegionMover.java","HBase/rel/2.0.3",2,0,3
"https://github.com/apache/hbase/blob/rel/2.0.4/hbase-client/src/main/java/org/apache/hadoop/hbase/client/ConnectionImplementation.java","HBase/rel/2.0.4",2,0,4
"https://github.com/apache/hbase/blob/rel/2.0.6/hbase-rsgroup/src/main/java/org/apache/hadoop/hbase/rsgroup/RSGroupBasedLoadBalancer.java","HBase/rel/2.0.6",2,0,6
"https://github.com/apache/hbase/blob/rel/2.0.6/hbase-server/src/main/java/org/apache/hadoop/hbase/regionserver/wal/ProtobufLogReader.java","HBase/rel/2.0.6",2,0,6
"https://github.com/apache/hbase/blob/rel/2.1.0/hbase-client/src/main/java/org/apache/hadoop/hbase/client/ConnectionImplementation.java","HBase/rel/2.1.0",2,1,0
"https://github.com/apache/hbase/blob/rel/2.1.0/hbase-procedure/src/main/java/org/apache/hadoop/hbase/procedure2/ProcedureExecutor.java","HBase/rel/2.1.0",2,1,0
"https://github.com/apache/hbase/blob/rel/2.1.0/hbase-procedure/src/main/java/org/apache/hadoop/hbase/procedure2/StateMachineProcedure.java","HBase/rel/2.1.0",2,1,0
"https://github.com/apache/hbase/blob/rel/2.1.0/hbase-procedure/src/main/java/org/apache/hadoop/hbase/procedure2/store/wal/WALProcedureStore.java","HBase/rel/2.1.0",2,1,0
"https://github.com/apache/hbase/blob/rel/2.1.0/hbase-rest/src/test/java/org/apache/hadoop/hbase/rest/TestTableResource.java","HBase/rel/2.1.0",2,1,0
"https://github.com/apache/hbase/blob/rel/2.1.0/hbase-rsgroup/src/main/java/org/apache/hadoop/hbase/rsgroup/RSGroupBasedLoadBalancer.java","HBase/rel/2.1.0",2,1,0
"https://github.com/apache/hbase/blob/rel/2.1.0/hbase-server/src/main/java/org/apache/hadoop/hbase/master/DeadServer.java","HBase/rel/2.1.0",2,1,0
"https://github.com/apache/hbase/blob/rel/2.1.0/hbase-server/src/main/java/org/apache/hadoop/hbase/master/MasterRpcServices.java","HBase/rel/2.1.0",2,1,0
"https://github.com/apache/hbase/blob/rel/2.1.0/hbase-server/src/main/java/org/apache/hadoop/hbase/master/SplitLogManager.java","HBase/rel/2.1.0",2,1,0
"https://github.com/apache/hbase/blob/rel/2.1.0/hbase-server/src/main/java/org/apache/hadoop/hbase/master/assignment/RegionTransitionProcedure.java","HBase/rel/2.1.0",2,1,0
"https://github.com/apache/hbase/blob/rel/2.1.0/hbase-server/src/main/java/org/apache/hadoop/hbase/master/balancer/StochasticLoadBalancer.java","HBase/rel/2.1.0",2,1,0
"https://github.com/apache/hbase/blob/rel/2.1.0/hbase-server/src/main/java/org/apache/hadoop/hbase/regionserver/wal/ProtobufLogReader.java","HBase/rel/2.1.0",2,1,0
"https://github.com/apache/hbase/blob/rel/2.1.0/hbase-server/src/main/java/org/apache/hadoop/hbase/util/RegionMover.java","HBase/rel/2.1.0",2,1,0
"https://github.com/apache/hbase/blob/rel/2.1.1/hbase-procedure/src/main/java/org/apache/hadoop/hbase/procedure2/StateMachineProcedure.java","HBase/rel/2.1.1",2,1,1
"https://github.com/apache/hbase/blob/rel/2.1.1/hbase-procedure/src/main/java/org/apache/hadoop/hbase/procedure2/store/wal/WALProcedureStore.java","HBase/rel/2.1.1",2,1,1
"https://github.com/apache/hbase/blob/rel/2.1.1/hbase-rest/src/test/java/org/apache/hadoop/hbase/rest/TestTableResource.java","HBase/rel/2.1.1",2,1,1
"https://github.com/apache/hbase/blob/rel/2.1.1/hbase-server/src/main/java/org/apache/hadoop/hbase/master/DeadServer.java","HBase/rel/2.1.1",2,1,1
"https://github.com/apache/hbase/blob/rel/2.1.1/hbase-server/src/main/java/org/apache/hadoop/hbase/master/MasterRpcServices.java","HBase/rel/2.1.1",2,1,1
"https://github.com/apache/hbase/blob/rel/2.1.1/hbase-server/src/main/java/org/apache/hadoop/hbase/master/SplitLogManager.java","HBase/rel/2.1.1",2,1,1
"https://github.com/apache/hbase/blob/rel/2.1.1/hbase-server/src/main/java/org/apache/hadoop/hbase/master/assignment/RegionTransitionProcedure.java","HBase/rel/2.1.1",2,1,1
"https://github.com/apache/hbase/blob/rel/2.1.1/hbase-server/src/main/java/org/apache/hadoop/hbase/master/balancer/StochasticLoadBalancer.java","HBase/rel/2.1.1",2,1,1
"https://github.com/apache/hbase/blob/rel/2.1.1/hbase-server/src/main/java/org/apache/hadoop/hbase/util/RegionMover.java","HBase/rel/2.1.1",2,1,1
"https://github.com/apache/hbase/blob/rel/2.1.2/hbase-client/src/main/java/org/apache/hadoop/hbase/client/ConnectionImplementation.java","HBase/rel/2.1.2",2,1,2
"https://github.com/apache/hbase/blob/rel/2.1.2/hbase-client/src/main/java/org/apache/hadoop/hbase/zookeeper/ReadOnlyZKClient.java","HBase/rel/2.1.2",2,1,2
"https://github.com/apache/hbase/blob/rel/2.1.2/hbase-procedure/src/main/java/org/apache/hadoop/hbase/procedure2/ProcedureExecutor.java","HBase/rel/2.1.2",2,1,2
"https://github.com/apache/hbase/blob/rel/2.1.5/hbase-server/src/main/java/org/apache/hadoop/hbase/util/LossyCounting.java","HBase/rel/2.1.5",2,1,5
"https://github.com/apache/hbase/blob/rel/2.1.6/hbase-rsgroup/src/main/java/org/apache/hadoop/hbase/rsgroup/RSGroupBasedLoadBalancer.java","HBase/rel/2.1.6",2,1,6
"https://github.com/apache/hbase/blob/rel/2.1.6/hbase-server/src/main/java/org/apache/hadoop/hbase/coordination/ZkSplitLogWorkerCoordination.java","HBase/rel/2.1.6",2,1,6
"https://github.com/apache/hbase/blob/rel/2.1.6/hbase-server/src/main/java/org/apache/hadoop/hbase/master/cleaner/CleanerChore.java","HBase/rel/2.1.6",2,1,6
"https://github.com/apache/hbase/blob/rel/2.1.6/hbase-server/src/test/java/org/apache/hadoop/hbase/coprocessor/TestMetaTableMetrics.java","HBase/rel/2.1.6",2,1,6
"https://github.com/apache/hbase/blob/rel/2.1.8/hbase-server/src/main/java/org/apache/hadoop/hbase/master/HMaster.java","HBase/rel/2.1.8",2,1,8
"https://github.com/apache/hbase/blob/rel/2.1.8/hbase-server/src/main/java/org/apache/hadoop/hbase/master/cleaner/CleanerChore.java","HBase/rel/2.1.8",2,1,8
"https://github.com/apache/hbase/blob/rel/2.1.9/hbase-server/src/main/java/org/apache/hadoop/hbase/regionserver/SecureBulkLoadManager.java","HBase/rel/2.1.9",2,1,9
"https://github.com/apache/hbase/blob/rel/2.2.0/hbase-it/src/test/java/org/apache/hadoop/hbase/test/IntegrationTestBigLinkedList.java","HBase/rel/2.2.0",2,2,0
"https://github.com/apache/hbase/blob/rel/2.2.0/hbase-procedure/src/main/java/org/apache/hadoop/hbase/procedure2/ProcedureExecutor.java","HBase/rel/2.2.0",2,2,0
"https://github.com/apache/hbase/blob/rel/2.2.0/hbase-rsgroup/src/main/java/org/apache/hadoop/hbase/rsgroup/RSGroupBasedLoadBalancer.java","HBase/rel/2.2.0",2,2,0
"https://github.com/apache/hbase/blob/rel/2.2.0/hbase-rsgroup/src/main/java/org/apache/hadoop/hbase/rsgroup/RSGroupInfoManagerImpl.java","HBase/rel/2.2.0",2,2,0
"https://github.com/apache/hbase/blob/rel/2.2.0/hbase-server/src/main/java/org/apache/hadoop/hbase/coordination/ZkSplitLogWorkerCoordination.java","HBase/rel/2.2.0",2,2,0
"https://github.com/apache/hbase/blob/rel/2.2.0/hbase-server/src/main/java/org/apache/hadoop/hbase/master/HMaster.java","HBase/rel/2.2.0",2,2,0
"https://github.com/apache/hbase/blob/rel/2.2.0/hbase-server/src/main/java/org/apache/hadoop/hbase/master/SplitLogManager.java","HBase/rel/2.2.0",2,2,0
"https://github.com/apache/hbase/blob/rel/2.2.0/hbase-server/src/main/java/org/apache/hadoop/hbase/master/assignment/AssignmentManager.java","HBase/rel/2.2.0",2,2,0
"https://github.com/apache/hbase/blob/rel/2.2.0/hbase-server/src/main/java/org/apache/hadoop/hbase/master/cleaner/CleanerChore.java","HBase/rel/2.2.0",2,2,0
"https://github.com/apache/hbase/blob/rel/2.2.0/hbase-server/src/main/java/org/apache/hadoop/hbase/regionserver/RSRpcServices.java","HBase/rel/2.2.0",2,2,0
"https://github.com/apache/hbase/blob/rel/2.2.0/hbase-server/src/main/java/org/apache/hadoop/hbase/regionserver/SecureBulkLoadManager.java","HBase/rel/2.2.0",2,2,0
"https://github.com/apache/hbase/blob/rel/2.2.0/hbase-server/src/main/java/org/apache/hadoop/hbase/regionserver/wal/ProtobufLogReader.java","HBase/rel/2.2.0",2,2,0
"https://github.com/apache/hbase/blob/rel/2.2.0/hbase-server/src/test/java/org/apache/hadoop/hbase/coprocessor/TestMetaTableMetrics.java","HBase/rel/2.2.0",2,2,0
"https://github.com/apache/hbase/blob/rel/2.2.0/hbase-server/src/test/java/org/apache/hadoop/hbase/master/TestMasterAbortAndRSGotKilled.java","HBase/rel/2.2.0",2,2,0
"https://github.com/apache/hbase/blob/rel/2.2.1/hbase-rsgroup/src/main/java/org/apache/hadoop/hbase/rsgroup/RSGroupBasedLoadBalancer.java","HBase/rel/2.2.1",2,2,1
"https://github.com/apache/hbase/blob/rel/2.2.1/hbase-server/src/main/java/org/apache/hadoop/hbase/coordination/ZkSplitLogWorkerCoordination.java","HBase/rel/2.2.1",2,2,1
"https://github.com/apache/hbase/blob/rel/2.2.1/hbase-server/src/main/java/org/apache/hadoop/hbase/master/cleaner/CleanerChore.java","HBase/rel/2.2.1",2,2,1
"https://github.com/apache/hbase/blob/rel/2.2.1/hbase-server/src/test/java/org/apache/hadoop/hbase/coprocessor/TestMetaTableMetrics.java","HBase/rel/2.2.1",2,2,1
"https://github.com/apache/hbase/blob/rel/2.2.2/hbase-server/src/test/java/org/apache/hadoop/hbase/regionserver/TestRegionReplicasWithRestartScenarios.java","HBase/rel/2.2.2",2,2,2
"https://github.com/apache/hbase/blob/rel/2.2.3/hbase-server/src/main/java/org/apache/hadoop/hbase/master/HMaster.java","HBase/rel/2.2.3",2,2,3
"https://github.com/apache/hbase/blob/rel/2.2.3/hbase-server/src/main/java/org/apache/hadoop/hbase/master/cleaner/CleanerChore.java","HBase/rel/2.2.3",2,2,3
"https://github.com/apache/hbase/blob/rel/2.2.3/hbase-server/src/main/java/org/apache/hadoop/hbase/regionserver/wal/ProtobufLogReader.java","HBase/rel/2.2.3",2,2,3
"https://github.com/apache/hbase/blob/rel/2.2.4/hbase-server/src/main/java/org/apache/hadoop/hbase/master/MetaFixer.java","HBase/rel/2.2.4",2,2,4
"https://github.com/apache/hbase/blob/rel/2.2.4/hbase-server/src/main/java/org/apache/hadoop/hbase/regionserver/SecureBulkLoadManager.java","HBase/rel/2.2.4",2,2,4
"https://github.com/apache/hbase/blob/rel/2.2.5/hbase-it/src/test/java/org/apache/hadoop/hbase/RESTApiClusterManager.java","HBase/rel/2.2.5",2,2,5
"https://github.com/apache/hbase/blob/rel/2.2.5/hbase-server/src/main/java/org/apache/hadoop/hbase/io/hfile/ChecksumUtil.java","HBase/rel/2.2.5",2,2,5
"https://github.com/apache/hbase/blob/rel/2.2.5/hbase-server/src/main/java/org/apache/hadoop/hbase/master/balancer/StochasticLoadBalancer.java","HBase/rel/2.2.5",2,2,5
"https://github.com/apache/hbase/blob/rel/2.2.6/hbase-mapreduce/src/main/java/org/apache/hadoop/hbase/mapreduce/SyncTable.java","HBase/rel/2.2.6",2,2,6
"https://github.com/apache/hbase/blob/rel/2.2.7/hbase-server/src/main/java/org/apache/hadoop/hbase/master/assignment/RegionStateStore.java","HBase/rel/2.2.7",2,2,7
"https://github.com/apache/hbase/blob/rel/2.2.7/hbase-server/src/main/java/org/apache/hadoop/hbase/regionserver/wal/ProtobufLogReader.java","HBase/rel/2.2.7",2,2,7
"https://github.com/apache/hbase/blob/rel/2.3.0/hbase-it/src/test/java/org/apache/hadoop/hbase/RESTApiClusterManager.java","HBase/rel/2.3.0",2,3,0
"https://github.com/apache/hbase/blob/rel/2.3.0/hbase-procedure/src/main/java/org/apache/hadoop/hbase/procedure2/RootProcedureState.java","HBase/rel/2.3.0",2,3,0
"https://github.com/apache/hbase/blob/rel/2.3.0/hbase-server/src/main/java/org/apache/hadoop/hbase/master/HMaster.java","HBase/rel/2.3.0",2,3,0
"https://github.com/apache/hbase/blob/rel/2.3.0/hbase-server/src/main/java/org/apache/hadoop/hbase/master/assignment/RegionStateStore.java","HBase/rel/2.3.0",2,3,0
"https://github.com/apache/hbase/blob/rel/2.3.0/hbase-server/src/main/java/org/apache/hadoop/hbase/master/cleaner/LogCleaner.java","HBase/rel/2.3.0",2,3,0
"https://github.com/apache/hbase/blob/rel/2.3.0/hbase-server/src/main/java/org/apache/hadoop/hbase/master/procedure/CreateTableProcedure.java","HBase/rel/2.3.0",2,3,0
"https://github.com/apache/hbase/blob/rel/2.3.0/hbase-server/src/main/java/org/apache/hadoop/hbase/master/procedure/MasterProcedureScheduler.java","HBase/rel/2.3.0",2,3,0
"https://github.com/apache/hbase/blob/rel/2.3.0/hbase-server/src/main/java/org/apache/hadoop/hbase/regionserver/HRegionServer.java","HBase/rel/2.3.0",2,3,0
"https://github.com/apache/hbase/blob/rel/2.3.0/hbase-server/src/main/java/org/apache/hadoop/hbase/regionserver/HStoreFile.java","HBase/rel/2.3.0",2,3,0
"https://github.com/apache/hbase/blob/rel/2.3.0/hbase-server/src/main/java/org/apache/hadoop/hbase/regionserver/throttle/PressureAwareCompactionThroughputController.java","HBase/rel/2.3.0",2,3,0
"https://github.com/apache/hbase/blob/rel/2.3.0/hbase-server/src/main/java/org/apache/hadoop/hbase/regionserver/wal/ProtobufLogReader.java","HBase/rel/2.3.0",2,3,0
"https://github.com/apache/hbase/blob/rel/2.3.0/hbase-server/src/main/java/org/apache/hadoop/hbase/replication/regionserver/HBaseInterClusterReplicationEndpoint.java","HBase/rel/2.3.0",2,3,0
"https://github.com/apache/hbase/blob/rel/2.3.0/hbase-server/src/main/java/org/apache/hadoop/hbase/replication/regionserver/ReplicationSourceShipper.java","HBase/rel/2.3.0",2,3,0
"https://github.com/apache/hbase/blob/rel/2.3.0/hbase-server/src/main/java/org/apache/hadoop/hbase/replication/regionserver/ReplicationSourceWALReader.java","HBase/rel/2.3.0",2,3,0
"https://github.com/apache/hbase/blob/rel/2.3.4/hbase-server/src/main/java/org/apache/hadoop/hbase/master/assignment/RegionStateStore.java","HBase/rel/2.3.4",2,3,4
"https://github.com/apache/hbase/blob/rel/2.3.5/hbase-server/src/main/java/org/apache/hadoop/hbase/regionserver/wal/ProtobufLogReader.java","HBase/rel/2.3.5",2,3,5
"https://github.com/apache/hbase/blob/rel/2.3.5/hbase-server/src/main/java/org/apache/hadoop/hbase/replication/regionserver/ReplicationSourceWALReader.java","HBase/rel/2.3.5",2,3,5
"https://github.com/apache/hbase/blob/rel/2.3.6/hbase-server/src/main/java/org/apache/hadoop/hbase/master/balancer/StochasticLoadBalancer.java","HBase/rel/2.3.6",2,3,6
"https://github.com/apache/hbase/blob/rel/2.3.7/hbase-server/src/main/java/org/apache/hadoop/hbase/io/hfile/BlockCacheUtil.java","HBase/rel/2.3.7",2,3,7
"https://github.com/apache/hbase/blob/rel/2.3.7/hbase-server/src/main/java/org/apache/hadoop/hbase/regionserver/compactions/CompactionProgress.java","HBase/rel/2.3.7",2,3,7
"https://github.com/apache/hbase/blob/rel/2.4.0/hbase-http/src/main/java/org/apache/hadoop/hbase/util/JSONBean.java","HBase/rel/2.4.0",2,4,0
"https://github.com/apache/hbase/blob/rel/2.4.0/hbase-server/src/main/java/org/apache/hadoop/hbase/io/hfile/BlockCacheUtil.java","HBase/rel/2.4.0",2,4,0
"https://github.com/apache/hbase/blob/rel/2.4.0/hbase-server/src/main/java/org/apache/hadoop/hbase/master/assignment/RegionStateStore.java","HBase/rel/2.4.0",2,4,0
"https://github.com/apache/hbase/blob/rel/2.4.0/hbase-server/src/main/java/org/apache/hadoop/hbase/master/balancer/StochasticLoadBalancer.java","HBase/rel/2.4.0",2,4,0
"https://github.com/apache/hbase/blob/rel/2.4.0/hbase-server/src/main/java/org/apache/hadoop/hbase/master/procedure/EnableTableProcedure.java","HBase/rel/2.4.0",2,4,0
"https://github.com/apache/hbase/blob/rel/2.4.0/hbase-server/src/main/java/org/apache/hadoop/hbase/master/zksyncer/ClientZKSyncer.java","HBase/rel/2.4.0",2,4,0
"https://github.com/apache/hbase/blob/rel/2.4.0/hbase-server/src/main/java/org/apache/hadoop/hbase/regionserver/HRegion.java","HBase/rel/2.4.0",2,4,0
"https://github.com/apache/hbase/blob/rel/2.4.0/hbase-server/src/main/java/org/apache/hadoop/hbase/regionserver/compactions/CompactionProgress.java","HBase/rel/2.4.0",2,4,0
"https://github.com/apache/hbase/blob/rel/2.4.0/hbase-server/src/main/java/org/apache/hadoop/hbase/regionserver/wal/ProtobufLogReader.java","HBase/rel/2.4.0",2,4,0
"https://github.com/apache/hbase/blob/rel/2.4.0/hbase-server/src/main/java/org/apache/hadoop/hbase/replication/regionserver/ReplicationSourceWALReader.java","HBase/rel/2.4.0",2,4,0
"https://github.com/apache/hbase/blob/rel/2.4.0/hbase-server/src/main/java/org/apache/hadoop/hbase/util/RegionMover.java","HBase/rel/2.4.0",2,4,0
"https://github.com/apache/hbase/blob/rel/2.4.1/hbase-client/src/main/java/org/apache/hadoop/hbase/client/CatalogReplicaLoadBalanceSimpleSelector.java","HBase/rel/2.4.1",2,4,1
"https://github.com/apache/hbase/blob/rel/2.4.1/hbase-server/src/main/java/org/apache/hadoop/hbase/master/assignment/RegionStateStore.java","HBase/rel/2.4.1",2,4,1
"https://github.com/apache/hbase/blob/rel/2.4.2/hbase-common/src/main/java/org/apache/hadoop/hbase/ChoreService.java","HBase/rel/2.4.2",2,4,2
"https://github.com/apache/hbase/blob/rel/2.4.2/hbase-server/src/main/java/org/apache/hadoop/hbase/regionserver/wal/ProtobufLogReader.java","HBase/rel/2.4.2",2,4,2
"https://github.com/apache/hbase/blob/rel/2.4.3/hbase-server/src/main/java/org/apache/hadoop/hbase/master/assignment/RegionStates.java","HBase/rel/2.4.3",2,4,3
"https://github.com/apache/hbase/blob/rel/2.4.3/hbase-server/src/main/java/org/apache/hadoop/hbase/master/cleaner/CleanerChore.java","HBase/rel/2.4.3",2,4,3
"https://github.com/apache/hbase/blob/rel/2.4.4/hbase-server/src/main/java/org/apache/hadoop/hbase/replication/regionserver/WALEntryStream.java","HBase/rel/2.4.4",2,4,4
"https://github.com/apache/hbase/blob/rel/2.4.5/hbase-server/src/main/java/org/apache/hadoop/hbase/master/balancer/StochasticLoadBalancer.java","HBase/rel/2.4.5",2,4,5
"https://github.com/apache/hbase/blob/rel/2.4.5/hbase-server/src/main/java/org/apache/hadoop/hbase/replication/regionserver/ReplicationSourceWALReader.java","HBase/rel/2.4.5",2,4,5
"https://github.com/apache/hbase/blob/rel/2.4.6/hbase-server/src/main/java/org/apache/hadoop/hbase/io/hfile/BlockCacheUtil.java","HBase/rel/2.4.6",2,4,6
"https://github.com/apache/hbase/blob/rel/2.4.6/hbase-server/src/main/java/org/apache/hadoop/hbase/regionserver/compactions/CompactionProgress.java","HBase/rel/2.4.6",2,4,6
"https://github.com/apache/hbase/blob/rel/2.4.9/hbase-server/src/main/java/org/apache/hadoop/hbase/master/HMaster.java","HBase/rel/2.4.9",2,4,9
"https://github.com/apache/hbase/blob/rel/2.4.9/hbase-server/src/main/java/org/apache/hadoop/hbase/master/balancer/BaseLoadBalancer.java","HBase/rel/2.4.9",2,4,9
"https://github.com/apache/hbase/blob/rel/2.4.12/hbase-server/src/main/java/org/apache/hadoop/hbase/backup/HFileArchiver.java","HBase/rel/2.4.12",2,4,12
"https://github.com/apache/hbase/blob/rel/2.4.13/hbase-server/src/main/java/org/apache/hadoop/hbase/replication/regionserver/ReplicationSourceWALReader.java","HBase/rel/2.4.13",2,4,13
"https://github.com/apache/hbase/blob/rel/2.4.14/hbase-server/src/main/java/org/apache/hadoop/hbase/io/hfile/bucket/BucketAllocator.java","HBase/rel/2.4.14",2,4,14
"https://github.com/apache/hbase/blob/rel/2.4.14/hbase-server/src/main/java/org/apache/hadoop/hbase/master/procedure/ServerCrashProcedure.java","HBase/rel/2.4.14",2,4,14
"https://github.com/apache/hbase/blob/rel/2.4.15/hbase-client/src/main/java/org/apache/hadoop/hbase/client/ConnectionUtils.java","HBase/rel/2.4.15",2,4,15
"https://github.com/apache/hbase/blob/rel/2.4.17/hbase-client/src/main/java/org/apache/hadoop/hbase/client/ConnectionImplementation.java","HBase/rel/2.4.17",2,4,17
"https://github.com/apache/hbase/blob/rel/2.4.17/hbase-server/src/main/java/org/apache/hadoop/hbase/regionserver/wal/ProtobufLogReader.java","HBase/rel/2.4.17",2,4,17
"https://github.com/apache/hbase/blob/rel/2.5.0/hbase-client/src/main/java/org/apache/hadoop/hbase/client/ConnectionUtils.java","HBase/rel/2.5.0",2,5,0
"https://github.com/apache/hbase/blob/rel/2.5.0/hbase-server/src/main/java/org/apache/hadoop/hbase/master/balancer/StochasticLoadBalancer.java","HBase/rel/2.5.0",2,5,0
"https://github.com/apache/hbase/blob/rel/2.5.0/hbase-server/src/main/java/org/apache/hadoop/hbase/master/cleaner/CleanerChore.java","HBase/rel/2.5.0",2,5,0
"https://github.com/apache/hbase/blob/rel/2.5.0/hbase-server/src/main/java/org/apache/hadoop/hbase/regionserver/wal/ProtobufLogReader.java","HBase/rel/2.5.0",2,5,0
"https://github.com/apache/hbase/blob/rel/2.5.1/hbase-client/src/main/java/org/apache/hadoop/hbase/client/ConnectionUtils.java","HBase/rel/2.5.1",2,5,1
"https://github.com/apache/hbase/blob/rel/2.5.3/hbase-server/src/main/java/org/apache/hadoop/hbase/regionserver/storefiletracker/StoreFileTrackerFactory.java","HBase/rel/2.5.3",2,5,3
"https://github.com/apache/hbase/blob/rel/2.5.4/hbase-client/src/main/java/org/apache/hadoop/hbase/client/ConnectionImplementation.java","HBase/rel/2.5.4",2,5,4
"https://github.com/apache/hbase/blob/rel/2.5.4/hbase-server/src/main/java/org/apache/hadoop/hbase/regionserver/wal/ProtobufLogReader.java","HBase/rel/2.5.4",2,5,4
"https://github.com/apache/hbase/blob/rel/2.5.4/hbase-server/src/test/java/org/apache/hadoop/hbase/client/TestHbck.java","HBase/rel/2.5.4",2,5,4
